1,3,7
1,4,15
1,2,49
1,5,44
2,1,1
2,2,19
3,1,1
3,1,19
4,1,18
4,1,35
4,5,3
4,5,15
4,1,44
4,1,4
5,4,4
5,4,9
5,2,23
5,5,2
5,5,7
6,2,14
6,4,44
6,3,21
7,4,12
7,3,31
7,2,36
7,1,48
7,1,44
7,1,4
8,5,28
8,1,27
8,3,15
9,3,28
9,1,2
10,5,18
10,2,35
10,1,3
11,4,23
11,5,24
11,1,40
11,2,41
11,5,43
12,1,43
12,4,48
12,3,20
13,4,49
14,2,1
14,3,19
14,2,26
15,5,22
15,3,5
15,4,39
16,2,16
16,2,32
16,1,45
17,2,4
17,1,9
17,2,6
17,5,16
17,3,22
17,3,10
18,2,1
18,5,19
18,3,23
19,2,7
19,4,11
19,2,37
19,5,45
20,4,18
20,4,35
20,4,3
20,3,32
21,4,8
21,3,47
21,1,1
21,5,19
22,2,44
22,1,34
22,3,39
23,3,13
23,5,19
24,4,4
24,4,9
24,5,38
25,3,48
25,3,7
25,1,22
26,5,14
26,4,11
26,2,7
27,5,23
27,2,24
27,4,40
27,2,41
27,4,43
28,2,14
28,4,9
29,4,0
29,1,2
29,5,42
30,1,35
30,5,13
31,3,23
32,4,25
32,4,21
32,4,8
32,1,38
33,1,4
33,4,46
34,3,23
34,5,24
34,3,40
34,2,41
34,2,43
35,1,17
35,4,47
35,5,29
35,3,4
36,1,12
36,1,31
36,4,36
37,4,14
37,5,44
37,4,26
37,4,22
37,4,37
38,5,16
38,5,32
38,1,45
38,4,47
38,4,30
38,5,0
39,2,1
39,2,19
39,4,27
39,2,11
39,4,25
39,1,46
39,5,29
40,2,18
40,5,15
40,2,21
40,2,16
40,4,26
41,1,14
41,5,4
41,3,10
42,4,36
42,2,3
43,2,28
43,5,27
43,3,23
44,5,21
44,2,40
44,5,15
45,2,32
45,1,10
45,1,19
45,2,25
46,4,44
46,1,11
46,4,22
47,3,8
48,3,0
48,4,46
48,3,2
49,2,42
49,5,33
50,1,28
50,2,39
51,4,28
51,3,17
51,5,7
52,2,1
52,1,19
53,4,34
53,2,32
54,2,0
54,5,46
54,4,2
55,4,30
55,3,45
55,2,15
56,1,39
56,1,49
57,1,46
58,5,4
58,4,9
58,1,19
59,3,0
59,3,46
59,2,2
59,1,16
59,3,19
60,4,17
60,4,40
60,1,21
61,2,4
61,3,9
61,5,39
61,2,2
61,1,6
62,5,23
62,2,24
62,5,40
62,2,41
62,1,43
63,4,28
63,2,27
63,1,13
64,2,40
65,3,14
65,1,44
65,2,12
66,3,28
66,3,27
67,3,1
67,3,36
68,2,12
68,4,31
68,3,36
68,1,48
69,1,18
69,5,35
69,5,3
70,1,12
70,4,5
70,2,16
71,5,49
71,2,30
72,3,29
72,4,7
72,2,30
73,3,17
73,4,19
73,5,30
74,4,1
74,5,36
74,4,13
75,4,49
75,1,19
75,5,33
76,1,14
76,1,1
76,4,38
76,1,5
77,5,31
78,4,22
78,5,5
78,5,26
78,1,14
78,2,1
78,5,8
79,5,43
79,3,36
79,1,30
79,1,37
79,1,7
79,5,27
80,3,13
80,5,35
80,2,42
81,5,22
81,3,5
81,1,32
82,3,7
82,4,11
82,5,37
82,5,45
82,3,28
82,3,20
83,3,23
83,5,24
83,5,40
83,1,41
84,2,22
84,4,5
84,5,36
84,4,3
84,1,14
85,1,12
85,4,31
85,2,36
85,2,48
86,1,45
87,4,12
87,1,31
87,1,36
87,5,48
88,1,14
88,2,44
89,2,22
89,4,5
89,5,34
89,2,43
89,3,19
90,1,0
90,3,46
90,1,2
90,1,45
91,4,16
91,5,32
91,2,45
91,4,47
91,2,48
92,5,1
92,1,48
93,3,18
93,5,35
93,4,3
93,1,1
94,5,7
94,3,11
94,4,37
94,5,45
95,4,16
95,5,32
95,2,45
95,3,41
95,5,26
96,1,29
96,3,1
96,5,30
97,4,1
97,5,19
98,1,1
99,1,22
99,5,37
99,1,14
100,4,22
100,4,34
100,4,40
101,5,31
102,4,17
102,5,16
102,2,43
103,5,20
103,3,48
103,1,19
103,2,8
104,4,12
104,5,31
104,4,36
104,5,48
104,2,27
104,3,15
104,3,1
104,5,34
105,4,3
105,3,40
105,1,45
106,2,47
106,3,48
106,3,41
106,2,21
106,4,18
106,2,13
107,2,22
107,1,18
107,2,27
107,1,3
108,3,42
108,1,33
108,3,16
108,2,31
108,5,17
108,1,6
109,3,22
109,5,5
109,4,27
109,1,35
110,1,7
110,2,15
110,1,49
111,1,12
111,4,31
111,2,36
111,1,48
111,2,29
111,2,26
111,3,6
111,3,32
112,5,14
112,4,44
112,5,13
112,4,11
113,3,23
113,1,33
113,3,35
114,2,46
114,5,8
114,2,5
114,3,29
114,2,18
115,3,41
116,5,28
116,4,3
116,5,8
116,1,27
116,2,1
117,3,1
117,4,19
117,2,33
117,5,11
118,2,23
118,4,24
118,1,40
118,1,41
119,3,30
119,3,23
119,4,49
119,2,16
119,4,27
119,3,40
119,4,29
119,3,18
120,4,14
120,4,44
120,1,18
121,4,0
121,4,46
121,2,2
122,3,18
122,3,35
122,3,3
123,4,12
123,4,31
123,3,36
123,1,48
124,1,7
124,1,11
124,2,37
124,4,45
124,4,20
124,4,29
125,4,24
125,2,27
125,5,2
126,2,22
126,1,5
126,1,13
127,2,42
127,1,47
127,1,46
127,2,22
128,4,41
128,1,39
129,3,13
129,5,23
130,1,24
130,2,42
130,1,1
130,2,40
131,2,14
131,3,44
131,3,20
131,4,26
132,3,12
132,1,31
132,4,36
132,3,48
133,3,28
133,2,27
133,5,47
133,1,21
133,4,7
133,3,36
133,5,33
134,1,17
134,5,47
134,2,29
135,1,12
135,2,31
135,2,36
136,3,4
136,5,9
136,4,11
137,4,18
137,3,35
137,2,3
137,1,11
137,4,29
137,3,14
138,4,42
138,4,33
138,5,20
139,3,22
139,2,46
139,3,44
140,1,22
140,1,5
140,2,38
140,3,49
140,4,6
140,5,33
140,2,16
141,5,0
141,2,46
141,5,2
141,3,12
141,4,31
141,5,26
141,1,24
142,1,0
142,4,6
142,4,25
143,4,22
143,2,5
143,1,19
144,1,14
144,3,35
144,5,48
144,3,13
144,2,11
145,3,17
145,2,47
145,2,29
145,1,35
145,4,44
146,1,7
146,2,15
147,1,22
147,4,5
148,4,0
148,5,46
148,2,2
148,2,1
149,3,4
149,1,9
149,3,18
149,1,41
150,1,1
150,3,19
150,1,39
150,5,12
150,1,18
151,1,0
151,1,46
151,4,2
151,4,22
151,3,19
152,2,42
152,5,33
152,1,37
153,1,0
153,3,46
153,1,2
153,2,37
154,4,18
154,4,35
154,1,45
154,4,11
155,1,4
155,4,9
155,2,15
156,1,28
156,4,49
156,4,24
156,1,35
156,1,19
157,3,22
157,2,5
157,3,37
158,2,0
158,5,46
158,1,5
158,2,33
158,3,39
158,3,35
158,4,2
158,1,19
159,4,4
159,1,3
159,1,5
159,4,48
160,4,18
160,3,35
160,5,4
160,1,6
160,1,28
161,1,18
161,1,35
161,5,3
161,3,31
162,4,49
162,3,6
162,5,17
162,3,25
163,3,17
164,5,8
164,2,3
164,1,20
164,4,9
164,3,23
164,3,22
164,3,42
165,1,15
165,1,26
165,4,17
165,1,21
165,5,4
165,4,36
165,5,48
166,1,14
166,1,41
166,2,44
167,4,42
167,1,28
167,5,19
168,1,4
168,1,9
169,1,42
169,1,33
169,3,41
169,3,31
169,2,13
170,4,22
170,4,5
170,5,28
171,5,16
171,4,32
171,2,0
172,1,5
172,3,28
172,2,43
173,1,42
173,4,37
173,2,36
173,5,24
174,2,31
175,1,42
175,2,40
176,4,34
176,5,48
176,1,11
177,3,43
177,1,40
177,3,28
177,1,14
178,1,0
178,3,13
178,5,26
179,2,16
179,5,32
179,1,45
180,4,14
180,4,44
180,4,46
180,4,10
181,3,4
181,3,9
181,2,7
181,3,36
181,3,19
182,2,23
182,3,24
182,3,40
182,4,41
182,1,43
183,2,4
183,3,9
183,5,37
184,2,22
184,4,5
184,1,31
185,1,29
185,2,21
185,4,24
186,4,22
186,2,46
186,5,0
186,2,6
187,3,18
187,3,35
187,3,3
187,3,21
187,3,46
187,4,39
188,3,12
188,4,31
188,4,36
188,4,48
188,3,38
189,5,28
190,4,23
190,3,24
190,5,40
190,2,41
190,1,43
191,3,12
191,3,24
192,4,28
192,4,27
192,2,6
193,2,23
193,5,24
193,2,40
193,1,41
193,3,43
194,1,28
194,1,27
195,2,22
195,3,5
195,5,16
195,2,14
196,1,22
196,1,5
197,1,28
197,3,27
197,1,44
197,4,47
198,2,22
198,1,5
199,3,0
199,4,46
199,3,2
200,3,30
200,3,0
200,5,10
201,4,42
201,5,33
201,2,15
202,5,4
202,1,9
202,2,40
203,1,1
203,1,36
204,2,23
204,4,24
204,1,40
204,5,41
205,1,28
205,1,27
205,4,32
205,2,25
206,5,7
206,4,11
206,4,37
206,5,45
207,5,48
207,4,20
208,4,7
208,3,11
208,4,37
208,3,45
209,5,28
209,3,27
209,3,9
210,3,7
210,2,11
210,5,37
211,1,9
211,2,2
211,4,1
211,5,48
211,1,22
212,1,39
212,5,27
212,1,7
212,5,45
213,3,1
213,3,19
213,4,18
213,3,15
213,2,6
213,4,8
213,3,21
213,3,42
214,3,23
214,1,24
214,2,40
214,3,41
215,3,44
215,4,14
215,1,20
215,2,32
215,4,4
215,1,36
216,4,16
216,3,32
216,4,45
217,3,26
217,2,18
217,5,45
217,5,42
218,4,11
218,4,2
218,2,23
219,2,11
219,3,35
219,4,15
220,5,43
220,4,46
220,5,31
220,4,45
220,1,39
221,4,0
221,3,46
221,1,2
221,5,28
221,3,40
222,4,26
222,4,35
222,1,39
222,2,13
222,3,24
222,2,47
223,2,36
223,3,7
223,1,30
223,3,21
223,1,23
224,1,40
224,1,23
224,4,47
225,1,22
225,3,5
226,1,1
226,1,19
226,5,30
226,3,5
227,3,7
227,2,15
227,1,49
228,1,7
228,2,11
228,4,37
228,5,45
229,5,23
229,2,45
229,3,31
229,3,34
230,5,48
230,5,29
230,1,7
231,1,28
231,3,27
232,2,24
232,1,44
233,1,4
233,3,9
233,3,5
233,4,39
234,3,28
234,4,22
234,3,5
234,5,25
234,4,46
234,5,34
235,2,48
235,2,23
235,2,32
236,5,42
236,5,16
237,2,22
237,1,5
238,5,4
238,4,9
238,5,15
238,3,25
239,2,1
239,2,19
239,1,16
239,1,17
239,1,48
239,3,26
239,4,12
240,1,1
240,1,19
240,5,16
240,5,3
240,1,35
241,1,11
241,1,12
242,5,4
242,2,9
242,5,12
242,4,10
242,5,45
243,2,12
243,2,31
243,2,36
243,5,48
243,5,46
244,3,17
244,5,47
244,4,28
245,4,18
245,4,35
245,2,3
246,3,4
246,1,9
247,2,7
247,2,11
247,1,37
247,1,45
248,1,22
248,2,5
248,2,12
249,5,48
249,4,38
249,2,6
249,2,14
250,2,36
250,2,9
250,4,42
250,3,10
250,5,34
251,1,18
251,3,35
251,4,3
252,3,3
253,4,14
253,5,27
254,4,1
254,4,19
254,5,0
255,2,18
255,1,35
255,2,3
255,1,24
256,2,12
256,4,31
256,5,36
256,1,48
257,4,41
257,2,31
257,4,19
258,3,14
258,2,35
258,2,34
258,3,32
258,4,1
258,5,11
259,2,5
259,3,14
259,1,39
259,2,49
259,2,28
260,4,9
260,1,21
260,3,46
260,4,14
261,1,6
262,1,22
262,4,5
262,4,31
263,5,11
263,2,40
264,5,0
264,5,46
264,3,2
265,2,23
265,2,24
265,5,40
265,5,41
265,1,43
266,5,14
266,1,44
266,1,3
266,1,23
267,1,42
267,1,18
267,4,49
267,4,22
268,1,24
268,4,3
269,3,12
269,1,31
269,2,36
269,2,48
270,5,20
270,5,25
270,3,27
271,4,39
271,5,15
271,4,30
272,2,7
272,3,15
272,2,49
273,1,12
273,5,31
273,4,36
273,4,48
274,1,16
274,3,32
274,1,42
274,3,18
275,5,42
275,2,33
275,3,31
275,3,27
276,4,22
276,2,5
276,3,43
276,3,9
277,5,4
277,4,40
277,2,36
277,4,41
277,3,48
277,1,2
278,5,28
278,3,30
278,1,19
278,2,32
279,5,31
279,4,2
279,4,44
279,4,39
280,3,1
280,1,19
280,4,2
280,3,28
280,1,45
280,2,21
280,4,23
281,3,16
281,3,32
281,5,45
281,2,14
281,3,7
281,5,23
281,1,10
282,4,4
282,4,9
282,2,36
282,3,14
282,5,44
283,3,21
283,3,29
284,1,17
284,1,9
284,5,13
284,3,46
285,1,38
285,3,39
286,5,1
286,2,19
286,5,8
287,2,42
287,1,33
287,1,0
288,4,2
288,5,36
288,5,47
288,4,33
289,1,12
289,3,31
289,2,36
290,3,28
291,4,28
291,4,27
291,1,16
292,4,7
292,4,15
292,1,49
293,2,40
293,2,33
293,3,44
293,2,42
293,1,34
293,4,8
293,3,21
293,4,24
294,4,1
294,2,32
294,4,14
294,1,26
294,5,41
295,2,42
295,4,33
295,1,23
296,4,24
296,3,21
296,2,23
296,3,14
297,5,0
297,4,46
297,1,2
298,5,11
298,2,29
299,5,42
299,4,33
299,3,1
299,1,23
299,1,47
300,3,16
300,2,32
300,3,45
301,4,9
301,4,37
301,1,33
301,1,43
301,2,3
301,3,4
302,2,30
302,4,46
302,4,25
302,3,43
302,4,19
303,2,0
303,4,46
303,4,2
304,1,34
304,3,16
304,3,17
305,3,22
305,5,5
305,1,25
305,2,21
305,4,31
305,3,42
305,3,27
306,4,12
306,5,31
306,4,36
306,3,16
306,1,5
307,1,22
307,3,8
307,4,42
308,3,3
308,2,27
308,5,36
309,5,16
309,2,32
309,2,45
310,2,12
310,5,31
310,2,36
310,5,48
311,3,22
311,2,5
312,5,7
312,1,11
312,5,37
312,4,45
313,4,13
313,2,41
313,5,20
313,4,39
313,5,21
313,5,9
313,5,45
313,3,24
314,1,1
314,3,37
314,4,15
314,2,9
314,4,24
315,2,4
315,4,9
316,2,18
316,5,35
316,2,45
317,2,0
317,2,46
317,1,2
318,4,14
318,1,5
318,1,47
318,2,10
319,2,1
319,2,36
319,3,10
319,5,25
319,2,4
319,2,49
319,3,14
320,2,12
320,1,34
321,4,7
321,5,15
321,1,49
322,2,23
322,4,28
323,3,1
323,2,19
324,4,0
324,2,46
324,4,2
325,2,1
325,4,19
325,2,2
326,1,7
326,4,11
326,1,37
326,4,45
327,5,48
327,4,38
327,5,29
327,4,45
327,5,33
328,3,4
328,2,9
328,3,24
329,5,1
329,1,19
329,3,23
329,4,44
329,4,30
330,3,5
330,5,13
331,4,12
331,1,31
331,1,36
331,2,48
332,3,0
332,1,46
332,3,2
333,4,28
333,5,14
333,4,46
333,3,24
333,3,31
333,4,20
333,4,5
333,3,39
334,2,4
334,4,9
334,1,33
334,5,13
334,5,43
334,5,46
335,4,22
335,5,5
335,3,14
335,2,29
336,5,19
336,3,8
336,3,45
336,1,10
336,1,35
336,1,2
337,3,14
337,4,44
337,3,24
337,1,34
338,3,22
338,5,5
338,2,28
338,2,30
338,4,47
339,2,28
339,2,47
339,2,0
340,4,7
340,4,15
340,3,49
341,3,28
341,3,41
341,2,5
341,5,9
342,5,7
342,5,11
342,5,37
342,4,1
343,5,26
344,2,44
345,1,0
345,5,46
345,3,2
346,1,26
346,5,5
346,2,10
346,2,30
347,4,12
347,2,14
347,3,47
347,5,33
347,1,44
347,1,8
348,1,27
348,4,3
348,2,4
348,5,42
349,2,45
349,2,11
349,2,9
349,1,40
350,4,4
350,2,9
350,4,11
350,5,3
350,4,12
350,3,47
351,2,22
351,4,5
351,5,35
352,5,45
352,5,29
352,5,26
353,3,4
353,1,9
353,5,31
354,2,28
354,2,27
354,5,36
354,5,0
354,5,13
354,2,31
355,1,17
355,3,47
355,3,32
356,4,41
356,3,31
356,4,1
357,3,14
357,2,44
357,4,43
358,5,18
358,3,35
359,2,10
359,1,16
359,4,5
360,1,33
360,1,37
361,3,4
361,2,30
361,1,31
362,3,25
362,1,9
362,5,14
363,2,14
363,4,44
364,4,28
364,4,27
364,4,23
365,2,22
365,5,18
365,2,9
366,4,22
366,5,5
366,1,8
367,1,10
367,2,29
368,1,20
368,1,15
368,4,45
368,4,16
368,1,33
368,5,3
369,3,34
369,1,25
369,2,12
369,3,4
369,5,8
370,4,28
370,4,9
370,2,26
371,3,7
371,4,15
371,4,49
371,4,9
372,2,48
372,2,49
372,5,3
373,4,31
373,2,43
373,4,21
373,1,5
373,2,30
374,3,4
374,4,9
375,3,1
375,3,19
375,2,28
376,3,4
376,1,9
376,5,33
376,4,26
376,5,47
377,5,19
377,3,13
377,3,1
377,2,41
378,2,18
378,3,41
378,3,15
379,5,14
379,1,28
379,5,48
380,2,22
380,4,5
380,2,47
381,4,49
382,5,7
382,3,15
382,1,49
383,3,28
383,3,8
383,2,47
384,2,25
384,2,8
384,5,29
385,3,4
385,3,10
385,2,0
385,1,21
386,4,41
387,2,44
387,3,5
387,2,23
387,3,26
388,5,25
389,2,4
389,2,9
390,3,17
390,5,47
390,4,29
390,3,31
390,5,26
390,5,12
391,5,18
391,2,35
391,3,3
392,5,7
392,5,11
392,2,37
392,5,45
392,2,34
393,4,40
393,2,18
393,4,23
393,2,9
393,4,33
393,1,13
393,2,25
394,3,15
395,2,22
395,5,5
395,4,40
395,4,17
395,3,48
396,2,33
396,5,46
396,4,23
397,3,7
397,3,15
397,1,49
398,3,16
398,2,32
398,4,45
399,3,7
399,2,15
399,3,49
400,5,48
400,3,1
401,4,2
402,4,49
402,3,39
402,5,36
403,2,4
403,1,10
403,3,3
404,4,36
404,5,34
405,5,17
405,4,34
405,2,35
405,2,46
405,4,7
406,4,22
406,1,5
407,5,36
407,4,32
407,2,42
407,2,34
408,5,14
408,1,46
409,1,18
409,2,35
409,2,3
409,2,48
409,4,37
409,2,29
410,1,42
410,4,33
410,5,27
411,3,28
411,2,27
412,5,28
412,4,27
413,1,4
413,1,9
413,3,13
413,3,21
414,1,22
414,1,5
414,1,21
414,5,10
414,1,31
414,2,1
414,1,30
414,1,7
415,5,7
415,4,15
415,4,49
416,3,5
416,4,4
416,4,23
416,3,42
416,2,14
417,1,17
417,4,47
417,1,29
418,2,30
419,5,42
419,2,33
419,2,5
420,4,28
420,4,27
420,5,31
421,5,7
421,5,15
421,4,49
422,5,16
422,5,32
422,3,45
423,4,25
423,4,32
423,5,1
423,4,8
423,2,2
424,3,13
424,2,12
425,3,16
425,4,44
426,5,24
426,1,0
426,3,17
427,3,26
428,1,28
428,4,27
428,4,43
428,4,4
428,5,10
429,5,14
430,2,47
430,1,4
430,4,19
431,4,42
431,5,33
432,3,47
433,4,17
433,1,47
433,5,29
433,1,23
433,2,8
433,3,43
434,5,0
434,5,46
434,3,5
434,3,33
435,4,9
435,5,47
435,2,35
435,3,18
435,3,38
435,3,40
436,5,4
436,4,11
436,4,2
436,5,39
437,3,4
437,5,9
437,2,5
437,4,24
437,4,23
438,1,24
438,3,4
438,4,32
439,4,47
439,3,8
440,3,2
440,4,19
441,5,4
441,5,9
441,5,2
441,2,40
442,2,0
442,4,46
442,2,2
443,2,42
443,3,33
443,2,19
443,1,11
444,3,16
444,3,32
444,1,45
445,2,22
445,2,5
445,2,7
445,2,42
445,4,32
446,2,4
446,4,47
446,1,33
447,1,27
447,3,36
447,3,19
448,2,1
448,3,40
448,5,28
449,2,23
450,1,9
450,2,33
450,3,4
450,5,31
451,1,28
451,5,4
451,5,47
452,3,25
452,2,27
452,1,49
452,1,34
453,2,18
453,4,35
453,1,3
454,5,28
454,1,27
454,2,9
455,1,36
455,1,14
455,1,35
455,4,15
456,1,28
456,2,27
456,2,14
457,5,16
457,2,12
457,4,34
458,1,2
458,4,24
458,2,0
458,2,13
458,5,18
458,5,36
458,3,47
458,5,46
459,1,14
459,4,44
459,5,32
460,5,16
460,3,32
460,4,45
461,4,8
461,3,16
461,4,2
462,4,7
462,3,15
462,5,49
463,4,14
463,3,44
463,4,30
463,4,39
463,1,26
464,5,32
464,1,1
464,5,23
465,3,12
465,5,0
465,2,20
465,2,22
465,2,49
466,2,16
466,1,32
466,5,20
466,3,49
467,1,23
467,5,24
467,2,40
467,4,41
468,1,42
468,4,29
468,1,3
468,2,1
468,5,43
468,3,46
468,3,41
469,2,25
469,5,48
469,2,16
469,1,5
470,3,17
470,1,47
470,2,29
471,2,16
471,4,32
471,2,45
471,3,11
472,2,4
472,1,9
472,1,13
473,3,17
473,4,47
474,1,32
474,5,11
475,5,42
475,1,33
475,4,12
475,4,46
476,1,23
476,4,24
476,5,40
476,1,41
477,4,9
477,2,13
477,2,33
477,4,38
477,3,14
477,4,49
478,5,15
478,5,26
478,2,14
478,3,47
479,4,18
479,4,35
479,1,3
480,1,3
480,5,44
480,2,21
481,4,46
481,5,3
482,1,9
483,1,24
483,5,31
483,5,48
483,3,30
483,3,16
484,3,19
485,4,42
485,5,33
486,4,4
486,5,34
487,2,23
487,5,24
487,1,40
487,4,41
487,4,43
488,1,22
488,1,5
489,2,10
489,2,31
490,2,17
490,4,47
490,4,40
490,3,4
491,5,47
491,3,39
492,2,14
492,3,15
492,4,31
493,5,42
493,2,33
493,5,5
493,4,26
493,2,44
494,4,13
494,3,38
494,2,30
495,4,18
495,5,35
495,2,3
495,1,2
495,3,47
496,1,12
496,4,31
496,2,36
496,5,48
497,4,28
497,3,27
497,2,17
498,3,17
498,4,47
498,5,29
499,5,14
499,4,44
500,1,0
500,4,46
500,1,2
501,4,39
501,1,33
501,3,0
501,3,21
502,3,14
502,3,44
502,3,27
503,4,12
503,4,31
503,4,36
504,3,5
504,3,18
505,5,7
505,2,11
505,3,37
505,2,45
506,4,0
506,1,20
507,3,23
507,3,30
508,3,16
508,5,32
508,5,14
508,1,0
509,5,8
510,4,28
510,3,27
510,1,46
510,4,13
510,4,26
511,3,4
511,5,9
511,1,12
511,3,37
511,2,17
512,1,10
512,5,37
512,2,20
513,4,21
513,1,11
513,2,3
513,3,23
513,1,7
514,1,21
514,3,31
514,5,32
515,2,32
515,3,44
515,5,1
515,2,0
515,4,42
515,1,23
515,5,5
516,4,0
516,2,46
516,1,2
517,4,34
517,3,37
517,5,47
518,5,16
518,4,32
518,2,45
518,3,28
519,5,18
519,4,35
519,3,3
520,2,0
520,1,46
520,4,48
520,3,5
520,5,33
520,1,35
520,5,23
521,5,14
521,3,44
521,5,28
521,1,29
522,5,13
522,3,15
522,1,24
523,3,22
523,4,8
523,5,23
524,2,14
524,2,43
524,4,41
524,4,11
524,5,45
524,3,28
524,2,26
525,1,39
525,1,22
526,5,7
526,4,11
526,1,37
526,4,45
527,2,0
527,5,46
527,4,2
527,4,16
527,3,15
527,2,22
527,3,35
528,4,41
528,4,42
529,4,9
529,3,30
529,1,6
530,3,37
530,2,13
530,5,45
530,1,4
530,3,49
531,4,0
531,4,16
532,3,28
532,5,27
532,2,48
532,1,14
532,4,37
533,3,28
533,4,13
534,3,18
534,4,13
535,5,31
535,3,29
535,2,41
535,1,35
535,2,14
535,4,49
536,4,34
536,2,48
536,5,46
536,3,15
537,2,15
537,5,28
538,3,18
538,4,35
538,5,3
539,5,12
539,4,31
539,5,36
539,5,48
540,2,42
540,1,33
540,2,35
541,5,16
541,1,32
541,4,45
542,1,7
542,2,15
542,4,43
542,2,9
543,1,7
543,1,11
543,5,37
543,3,45
544,3,12
544,1,31
544,3,36
544,2,48
545,5,14
546,2,33
546,1,21
546,4,38
546,1,14
546,1,8
546,1,5
547,4,3
547,4,10
547,4,0
547,5,40
547,2,38
548,1,14
548,3,47
548,2,10
548,4,18
549,2,11
549,2,37
549,4,38
550,1,18
550,1,35
550,3,3
550,2,1
550,4,19
551,3,22
551,4,5
551,1,3
552,5,9
552,4,24
552,1,34
552,4,27
553,1,4
553,1,9
553,5,7
554,4,0
554,3,35
554,1,12
555,4,37
555,3,28
555,1,29
556,5,41
556,3,33
556,3,11
556,1,9
556,2,28
557,1,14
557,5,44
558,1,4
558,3,41
558,2,43
558,2,11
559,2,17
559,5,47
560,1,16
560,1,32
560,3,45
560,5,27
560,2,20
561,3,42
561,5,2
561,1,14
562,3,4
562,3,9
562,3,43
562,3,21
563,5,17
563,5,47
563,1,29
564,1,42
564,4,33
564,3,28
564,4,23
565,5,6
565,4,46
566,3,18
566,3,35
566,3,3
567,3,5
567,1,14
567,4,18
567,2,9
567,1,40
568,3,4
568,3,9
568,4,34
569,3,14
569,5,44
569,4,13
569,4,43
570,1,28
570,1,27
571,4,16
571,3,32
572,2,22
572,5,6
572,2,14
573,1,0
573,1,41
573,1,10
574,1,31
574,4,47
574,4,39
574,2,37
574,5,27
574,4,34
574,3,18
574,1,0
575,5,22
575,4,5
575,1,7
576,3,4
576,1,7
577,1,7
577,5,15
577,1,49
578,5,15
578,2,4
579,2,16
579,4,46
579,1,1
579,5,18
579,2,36
579,2,25
579,1,20
579,2,29
580,4,42
580,4,30
580,5,13
581,1,31
581,4,24
581,2,25
582,4,7
582,2,15
582,1,4
582,4,18
583,2,22
583,1,5
584,1,28
585,4,42
585,5,33
585,2,23
586,2,44
587,3,28
587,1,15
587,2,27
587,3,19
588,5,23
588,4,11
588,2,0
588,5,18
588,5,47
589,1,22
589,5,5
590,4,7
590,1,11
590,2,37
591,4,7
591,3,11
591,4,37
591,5,45
592,1,42
592,1,33
592,2,6
592,5,16
592,5,39
593,3,23
593,3,24
593,4,40
593,3,41
594,2,30
594,3,31
594,2,0
594,2,9
595,4,1
595,2,32
595,3,48
596,3,28
596,3,27
596,3,43
596,3,2
597,1,1
597,2,19
598,1,35
599,1,18
599,1,35
599,2,3
599,5,10
600,2,4
600,2,9
600,5,12
600,2,48
601,2,1
601,3,19
601,2,6
602,2,7
602,4,15
602,1,49
603,2,27
603,3,20
603,5,22
604,3,13
605,3,26
605,4,16
605,4,15
606,2,18
606,1,35
606,4,3
607,5,19
608,5,22
608,3,5
609,3,1
609,3,19
610,2,39
610,1,36
610,1,12
610,3,37
611,2,34
611,4,10
611,4,2
611,1,3
612,3,30
612,1,44
613,3,13
613,3,20
613,2,47
613,2,22
614,4,12
614,2,4
614,4,26
614,1,45
615,4,36
615,1,27
615,5,35
615,1,13
616,2,0
616,3,46
616,3,2
617,2,10
617,4,7
618,4,39
618,4,2
618,2,34
618,1,1
619,2,7
619,3,11
619,2,37
619,2,45
620,2,39
620,2,43
620,1,44
621,4,3
621,3,14
621,4,30
622,2,12
622,3,49
622,1,32
622,4,30
622,3,2
623,2,1
623,4,19
623,2,32
624,2,31
624,3,28
624,1,21
624,2,10
625,1,28
625,3,27
625,3,45
625,4,17
625,4,9
626,5,16
626,4,32
626,1,10
626,5,11
627,2,12
627,5,31
627,3,36
627,1,48
628,1,18
628,4,35
628,3,3
628,4,29
628,5,40
629,3,23
629,4,24
629,1,40
629,4,41
629,1,43
630,5,17
630,5,47
630,2,29
630,4,14
630,5,44
631,2,38
632,5,0
632,5,46
632,2,2
633,4,18
633,1,35
633,3,3
633,1,20
634,2,17
634,4,47
634,3,29
634,3,43
635,4,19
635,4,6
635,3,0
635,1,26
635,3,43
636,3,18
636,2,35
636,3,3
637,5,28
637,4,27
637,1,21
637,5,42
637,3,39
637,5,26
637,3,5
637,4,49
638,1,12
638,2,31
638,5,36
638,1,48
639,4,0
639,1,46
639,5,2
639,3,30
639,1,47
640,3,22
640,5,5
640,2,33
641,1,42
641,5,33
641,3,14
642,5,0
642,2,46
642,4,43
642,5,30
643,5,17
643,2,47
643,4,11
643,2,35
644,3,0
644,3,46
644,3,2
645,1,16
645,3,32
645,3,45
646,3,37
646,4,20
646,1,42
646,4,39
647,1,14
647,2,44
647,2,30
648,4,39
648,3,36
649,5,37
649,5,41
649,3,17
649,3,1
649,3,49
649,1,25
650,5,44
650,2,30
650,1,36
651,4,12
651,4,31
651,5,36
651,5,48
652,4,28
652,1,27
652,5,48
652,5,24
652,5,34
652,3,39
652,5,45
653,2,0
653,3,46
653,5,37
654,1,18
654,1,25
654,4,44
655,1,4
655,3,9
656,3,22
656,4,5
657,4,42
657,3,33
658,2,28
658,2,27
658,2,0
658,4,26
659,3,5
660,3,42
660,3,33
660,1,2
660,4,22
661,2,7
661,1,15
661,2,49
662,4,4
662,2,9
662,4,37
662,4,13
662,3,17
663,4,22
663,3,5
663,5,38
663,1,47
663,3,35
664,1,0
664,2,46
664,4,2
665,3,28
665,1,27
665,5,39
665,1,42
666,5,12
666,2,31
666,4,36
666,4,48
667,3,28
667,2,27
668,5,16
668,2,32
668,5,45
668,4,49
669,1,21
669,2,40
670,4,22
670,4,5
670,3,48
671,5,42
671,4,33
671,5,45
671,1,23
671,5,39
672,1,1
672,1,7
672,5,25
673,3,42
673,1,33
674,5,16
674,2,32
674,4,45
674,2,38
674,3,19
675,2,7
675,2,23
675,5,30
675,1,46
676,4,42
677,1,23
677,4,2
677,2,10
677,2,42
678,4,26
678,4,30
678,1,48
679,1,7
679,5,15
679,4,49
680,4,48
680,3,25
680,3,39
680,3,12
681,2,17
681,4,47
681,2,16
681,3,49
681,4,33
682,3,49
683,3,27
683,3,45
684,4,43
684,2,21
684,5,1
684,4,11
684,5,42
685,5,22
685,3,9
685,5,8
686,3,28
686,3,27
687,3,0
687,4,46
687,1,2
687,2,26
687,3,43
688,5,16
688,4,32
688,2,45
689,1,39
689,2,22
689,1,10
690,1,14
690,4,18
690,4,11
690,1,7
690,5,23
691,2,22
691,4,5
691,1,43
692,5,17
692,3,47
692,4,29
692,2,23
693,1,1
693,5,19
693,3,2
693,5,15
694,4,7
694,1,11
694,4,37
694,5,45
695,1,22
695,3,5
695,2,44
695,4,12
696,2,11
696,5,22
696,4,8
696,2,37
697,5,29
697,5,20
698,1,7
698,1,11
698,3,37
698,2,45
698,4,39
698,3,9
698,2,13
699,1,7
699,5,11
699,4,37
699,3,45
700,1,42
700,4,36
700,2,3
700,4,49
701,5,16
701,4,32
701,1,45
702,1,21
702,2,35
703,3,0
703,4,46
703,1,2
704,4,18
704,1,10
704,4,44
705,2,28
705,5,27
705,2,21
705,4,6
705,5,15
705,4,46
705,1,34
705,4,41
706,2,7
706,2,11
706,1,37
706,4,45
707,5,40
707,3,16
708,4,43
708,4,37
709,5,7
709,1,15
709,3,49
709,3,29
710,5,12
710,4,31
710,3,36
710,1,48
711,2,22
711,1,5
711,2,24
712,2,14
712,4,12
712,2,13
712,2,32
713,4,4
713,3,9
713,4,32
713,1,5
714,5,10
714,4,44
714,5,40
715,5,18
715,1,35
715,5,3
716,2,20
716,4,1
716,5,13
716,4,31
716,2,45
717,2,48
717,1,47
717,4,37
718,3,4
718,1,9
719,3,1
719,5,19
720,5,4
720,5,12
720,1,31
721,5,10
721,3,33
722,5,14
722,1,44
723,1,5
723,4,34
723,1,15
724,1,36
724,4,23
725,1,42
725,4,35
725,2,5
725,5,32
725,1,29
726,5,3
726,4,11
726,1,29
727,4,37
727,3,6
727,3,10
727,2,22
727,1,8
727,2,35
727,1,18
727,2,4
728,2,24
728,5,27
728,2,21
729,5,39
729,2,33
730,1,28
730,5,27
731,1,44
731,1,6
731,3,10
732,1,22
733,1,0
733,4,46
734,1,16
734,2,32
734,2,45
735,5,3
735,3,9
735,2,37
735,5,42
735,5,44
736,5,19
736,3,27
736,5,23
736,4,21
736,4,30
737,1,30
737,4,5
737,4,19
738,3,22
738,4,5
738,2,19
738,2,15
738,3,23
739,4,22
739,5,5
740,4,18
740,1,35
740,4,3
741,1,17
741,3,47
741,4,29
742,4,12
742,1,31
742,5,36
742,2,48
742,4,26
742,5,41
743,4,18
743,1,35
743,5,3
744,4,10
745,1,7
745,5,15
746,5,28
746,1,43
746,4,49
747,3,28
747,3,27
747,2,12
748,3,1
748,5,19
749,4,21
749,4,17
750,3,43
750,3,0
750,5,24
750,2,18
750,2,48
751,4,16
751,4,32
751,4,45
752,5,33
752,1,0
752,5,11
753,2,3
754,1,15
754,4,9
754,1,40
755,3,12
755,4,49
755,4,30
756,1,45
757,4,23
757,3,24
757,4,40
757,1,41
757,4,43
758,4,14
758,2,44
758,5,40
759,1,41
759,5,47
759,4,15
760,2,28
760,5,27
760,3,29
761,3,0
761,2,46
761,3,2
761,4,23
762,2,20
762,3,11
762,2,8
762,4,7
763,2,22
763,3,32
763,4,6
763,2,15
764,4,26
764,3,5
764,5,13
765,4,2
765,5,20
766,1,7
766,3,15
766,1,1
766,3,48
767,5,45
767,4,34
768,2,31
768,4,46
768,4,12
768,1,24
769,1,28
769,3,27
769,4,26
770,1,23
770,1,24
770,3,40
770,3,41
771,2,27
771,2,29
771,1,20
772,5,26
773,4,28
773,4,27
774,4,1
774,2,29
774,4,13
775,5,23
775,4,11
775,2,45
775,5,25
775,3,36
775,5,38
776,4,17
776,4,47
776,1,29
777,1,39
777,5,22
777,5,30
778,1,42
778,2,33
778,2,45
778,3,47
779,2,0
779,2,46
779,2,2
779,5,39
779,4,49
779,1,12
779,3,41
780,3,12
780,3,31
780,3,36
780,4,48
781,4,27
781,4,12
781,1,45
781,2,17
781,1,43
782,1,17
782,5,47
783,2,12
783,1,31
783,5,36
783,2,48
784,4,29
784,5,8
784,5,20
784,4,46
784,3,32
785,4,36
785,3,10
785,2,22
785,4,23
785,3,26
786,4,47
786,4,7
786,1,20
786,2,26
786,4,44
787,5,28
787,3,27
787,3,33
787,1,18
787,2,2
788,4,46
788,3,24
788,5,23
788,5,21
788,1,42
788,1,14
788,2,30
789,3,18
789,3,35
790,4,1
791,4,46
791,3,44
791,5,0
791,1,14
791,1,20
792,4,11
792,5,7
792,5,5
792,4,27
792,5,24
793,2,18
793,2,39
793,2,0
793,2,25
794,3,1
794,4,19
794,4,27
795,2,23
795,2,24
795,3,40
795,5,41
795,2,43
796,4,16
797,1,48
797,3,35
797,2,28
797,2,46
797,1,0
797,2,6
797,1,33
798,4,1
798,4,19
798,5,44
799,1,17
799,1,47
799,3,29
800,1,6
800,3,31
801,5,23
801,1,24
801,1,40
801,3,41
801,4,43
802,5,42
802,1,33
803,3,1
803,4,19
803,1,29
803,5,3
803,2,44
803,1,31
804,4,17
804,4,47
804,3,29
805,5,36
805,3,27
805,4,31
805,4,46
805,2,32
806,5,16
806,1,32
806,1,45
807,4,1
807,4,19
807,3,44
807,4,34
808,2,48
808,5,2
808,5,18
808,2,7
808,1,0
809,5,19
809,3,14
810,5,7
810,3,15
810,2,49
811,2,22
811,2,5
811,5,13
811,3,30
812,5,17
812,3,47
812,1,29
813,4,28
813,5,27
813,5,48
813,4,13
813,5,42
814,3,22
814,2,5
814,4,1
815,5,4
815,1,9
816,2,7
816,4,11
816,3,37
816,4,45
817,1,40
817,5,37
817,5,7
817,4,0
817,3,3
817,2,22
817,5,39
818,2,1
818,1,19
819,3,22
819,5,26
820,4,42
820,3,33
820,3,37
821,5,28
821,2,27
821,1,4
821,3,8
821,5,46
821,4,13
822,4,28
822,5,27
822,3,40
823,5,28
823,3,27
824,2,42
824,1,33
825,4,22
825,1,5
826,1,14
826,5,44
826,5,22
827,2,16
827,2,32
827,3,45
828,4,16
828,3,3
828,3,28
828,4,48
829,3,22
829,3,23
829,2,24
829,3,39
830,4,28
830,5,26
830,1,33
830,3,15
830,1,36
831,5,7
831,5,15
831,1,49
832,3,22
832,3,27
832,5,40
832,3,15
832,3,31
832,1,33
833,1,41
833,5,49
833,5,18
833,5,43
833,4,35
834,2,4
834,4,9
835,5,12
835,3,31
835,1,36
836,5,48
836,3,31
836,2,28
836,2,19
836,1,38
836,5,1
836,1,44
837,1,4
837,2,9
837,1,18
838,2,6
838,2,34
838,1,32
839,1,42
839,2,15
840,3,28
840,3,27
840,1,13
840,1,36
841,3,7
841,2,15
841,1,49
841,3,43
841,2,22
841,4,37
842,1,30
842,3,43
842,3,7
843,2,25
843,2,15
843,4,49
844,5,33
844,2,41
844,3,22
845,5,34
846,2,14
846,1,25
846,2,41
846,4,21
846,2,4
847,4,42
847,1,33
847,4,23
847,3,20
848,5,13
848,5,9
848,2,42
848,3,45
848,2,22
849,4,29
849,3,46
849,2,0
849,5,14
849,3,22
850,1,1
850,3,19
851,3,16
851,4,32
851,1,45
851,3,3
852,1,4
852,3,9
853,2,4
853,2,9
853,5,21
853,3,39
854,3,18
854,1,39
854,5,3
855,2,4
855,3,32
855,1,13
856,5,17
856,3,47
856,5,29
857,4,12
857,3,31
857,4,36
857,4,48
858,3,14
858,3,15
859,4,23
859,4,46
860,3,22
860,2,5
861,3,18
861,3,35
861,5,3
862,3,47
862,4,22
862,4,48
862,1,12
863,5,18
863,4,35
863,3,3
863,2,5
864,2,23
864,3,24
864,5,40
864,3,41
865,5,22
866,3,12
866,5,34
866,5,8
866,4,49
866,1,29
866,4,16
866,5,18
867,1,42
867,1,33
867,2,34
867,1,44
868,5,41
868,5,13
868,1,24
868,5,23
869,1,23
869,4,24
869,1,40
869,4,41
869,5,43
870,1,13
870,1,25
871,4,5
871,2,41
871,2,36
871,5,42
872,4,31
872,5,47
872,5,37
872,1,22
872,5,5
873,4,5
873,5,20
873,4,7
874,5,14
874,2,44
874,4,37
874,5,16
874,4,4
875,3,18
875,1,35
875,2,3
876,5,42
876,3,33
876,2,21
876,4,29
876,1,8
877,2,5
877,1,14
877,4,18
878,2,27
879,1,14
879,3,22
879,4,20
879,1,24
880,1,31
880,2,45
880,5,1
880,3,44
880,5,14
880,2,3
880,3,47
881,1,36
881,3,29
881,2,46
881,5,41
882,5,16
882,3,32
882,1,45
883,1,23
883,4,24
883,1,40
883,1,41
883,4,43
884,1,19
884,2,11
884,3,7
884,3,47
884,5,38
884,3,43
884,2,42
885,5,28
885,1,27
885,2,32
885,3,0
886,4,0
886,1,46
886,5,2
886,2,41
886,2,28
887,2,23
887,5,24
887,4,40
887,2,41
887,3,43
888,4,18
888,2,35
888,3,3
889,3,14
889,4,31
890,4,14
890,5,44
890,2,8
891,4,18
891,4,35
891,1,3
891,1,22
891,3,14
892,4,3
892,2,1
892,4,30
893,4,6
893,1,12
893,5,44
893,1,41
894,1,30
894,2,43
894,2,11
895,5,7
895,5,15
895,1,49
896,1,0
896,2,46
896,1,2
897,3,43
897,2,38
897,1,17
897,1,1
898,1,36
898,4,25
899,5,27
899,5,9
899,5,7
900,5,22
900,5,5
900,4,13
901,4,12
901,3,31
901,2,36
901,3,48
902,4,26
902,5,39
902,4,43
903,3,12
903,3,26
903,1,38
904,2,16
904,1,1
904,2,40
904,3,20
905,5,23
905,4,24
905,3,40
905,1,41
905,5,43
906,2,49
906,3,6
906,3,38
906,3,28
906,4,37
907,3,14
907,5,31
907,4,18
907,2,17
907,3,16
907,1,26
908,3,37
908,1,44
909,4,30
909,2,11
910,1,41
910,2,22
910,4,28
910,2,48
911,5,12
911,3,31
911,4,36
911,1,48
912,4,7
912,4,5
912,4,21
912,5,4
913,1,18
913,3,35
913,4,3
913,2,9
913,2,41
914,1,28
914,2,27
914,3,5
914,1,42
915,3,22
915,1,5
915,4,31
916,4,42
916,5,33
917,1,4
917,5,9
917,1,15
918,5,7
918,4,11
918,4,37
918,3,45
919,3,23
919,2,24
919,1,40
919,2,41
919,3,43
920,1,40
921,3,1
921,2,19
921,5,8
921,5,14
922,4,14
922,2,44
922,3,31
923,5,6
923,1,28
923,1,39
923,1,33
924,2,39
924,4,0
924,5,47
924,2,6
924,1,30
924,5,16
925,3,12
925,1,31
925,3,36
926,4,1
926,1,46
926,1,36
927,5,27
927,1,44
927,1,42
928,1,4
928,3,9
929,5,20
930,1,22
930,1,5
931,1,16
931,2,26
931,1,10
932,2,42
932,1,13
932,4,36
933,3,42
933,1,33
933,2,47
933,2,12
934,4,28
934,5,27
934,3,4
935,2,1
935,1,19
935,2,39
936,1,16
936,5,32
936,2,1
937,3,12
937,1,31
937,3,36
938,4,16
938,5,32
938,2,45
938,4,41
939,4,42
939,1,33
939,2,16
940,2,12
940,1,31
940,2,36
940,4,35
940,5,13
940,3,44
940,4,41
941,1,19
941,3,44
941,1,6
941,1,24
941,5,9
942,1,23
942,4,24
942,2,40
942,1,41
942,5,43
943,5,12
943,2,31
943,5,36
943,1,48
943,5,5
944,4,0
944,4,46
944,4,2
944,5,44
944,4,20
945,4,18
945,4,35
945,2,3
946,2,32
946,1,19
946,1,14
946,4,48
946,5,12
946,4,4
947,2,41
948,4,14
948,3,44
948,1,0
949,2,1
949,4,19
949,4,39
949,3,33
949,5,26
949,4,10
949,3,25
949,5,13
950,1,7
950,5,15
950,4,16
951,1,4
951,1,29
951,1,46
952,3,14
952,2,43
952,5,20
952,5,40
953,3,38
953,2,7
954,1,45
954,3,3
954,4,47
954,1,18
955,5,43
955,3,29
955,1,19
956,5,9
956,5,16
957,3,20
957,3,42
957,2,0
958,2,44
958,5,33
958,3,10
958,1,5
958,1,39
958,5,32
959,5,28
959,2,27
960,4,22
960,5,29
960,3,25
960,1,43
960,4,37
960,2,5
961,5,19
962,5,16
962,5,34
962,5,4
963,1,9
963,5,45
963,3,44
963,4,17
964,5,7
964,4,15
964,2,29
965,3,7
965,1,11
965,5,37
965,5,45
965,1,27
965,5,49
965,4,39
966,5,12
966,4,31
966,4,36
966,4,48
967,3,49
967,3,34
968,1,31
969,4,42
969,2,33
969,4,45
969,1,25
970,2,16
970,1,32
970,1,45
970,3,27
971,1,25
971,5,41
972,5,45
972,1,15
972,2,40
972,4,25
972,3,6
972,3,9
972,4,24
973,2,7
973,1,11
973,4,37
973,1,45
973,3,9
973,5,29
973,5,8
974,2,21
974,1,36
975,3,22
975,1,5
975,1,14
975,3,7
975,1,17
976,4,40
976,4,38
977,4,41
977,3,33
977,5,22
977,3,25
977,3,7
977,1,15
977,4,2
978,2,28
978,5,27
979,4,16
979,3,32
979,3,45
980,2,18
980,4,28
980,4,8
981,4,13
982,3,41
983,2,28
983,2,27
983,1,38
983,2,48
984,5,18
984,3,35
984,3,3
985,4,16
985,1,32
985,3,20
985,4,36
986,2,16
986,3,32
986,3,45
987,3,4
987,2,9
988,5,39
988,5,22
988,4,31
989,3,0
989,2,46
989,2,2
990,5,34
991,5,0
991,5,46
991,3,2
992,1,0
993,2,13
993,1,3
993,4,6
994,5,29
994,5,3
994,4,44
995,3,28
995,3,27
995,3,45
995,3,9
996,3,46
996,2,33
996,3,31
996,5,10
996,3,2
996,4,22
997,3,22
997,5,2
997,4,32
997,2,6
998,1,4
998,3,9
998,5,0
998,4,33
998,5,30
999,2,18
999,5,35
999,2,3
1000,4,15
1000,3,47
1000,3,34
