expgene, tf_id, occurences
1,1,19,2,4,3,12,4,5,5,5,6,12,7,19,8,2,9,1,10,10,11,9,12,16,13,1,14,42,15,1,16,41,17,14,18,25,19,30,20,11,21,3,22,5,23,5,24,5,25,24,26,12,27,15,28,4,29,8,30,7,31,13,32,2,33,6,34,3,35,8,36,12,37,6,38,1,39,2,40,9,41,11,42,1,43,9,44,9,45,4,46,5,47,6,48,4,49,9,50,6,51,9,52,4,53,3,54,8,55,1,56,1,57,4,58,3,59,3,60,1,61,1,62,1,63,1,64,1,65,6,66,2,67,1,68,4,69,1,70,2,71,9,72,1,73,5,74,4,75,4,76,11,77,8,78,9,79,6,80,1,81,13,82,3,83,8,84,5,85,9,86,7,87,7,88,7,89,7,90,7,91,7,92,12,93,2,94,7,95,3,96,8,97,1,98,2,99,2,100,2,101,2,102,2,103,2,104,2,105,2,106,2,107,2,108,1,109,8,110,11,111,1,112,7,113,4,114,2,115,7,116,2,117,1,118,1,119,2,120,5,121,2,122,3,123,3,124,1,125,1,126,1,127,1,128,1,129,1,130,1,131,1,132,1,133,1,134,1,135,4,136,3,137,2,138,3,139,2,140,4,141,4,142,1,143,1,144,3,145,1,146,1,147,2,148,3,149,5,150,2,151,2,152,2,153,2,154,2,155,2,156,1,157,1,158,1,159,2,160,1,161,1,162,1,163,1,164,1,165,1,166,1,167,1,168,1,169,1,170,1,171,1
2,2,5,3,3,4,1,5,1,6,3,7,20,8,8,10,4,11,6,12,7,13,2,14,11,16,39,17,5,18,62,19,15,20,10,21,2,22,4,23,3,24,3,25,27,26,18,27,23,28,7,29,12,30,3,31,1,32,1,33,13,35,4,36,30,37,2,38,1,40,10,41,10,42,2,43,4,44,4,45,18,46,2,47,4,48,9,49,6,50,6,51,19,52,4,53,3,54,5,57,2,58,1,59,4,65,8,66,9,68,7,70,11,71,2,73,6,74,7,76,15,77,12,78,12,79,2,81,15,82,1,83,12,84,1,85,5,86,1,87,1,88,1,89,1,90,1,91,1,92,11,94,5,95,4,96,14,110,2,111,1,112,15,113,2,114,4,115,5,116,5,119,1,120,2,122,2,124,3,125,1,126,1,127,1,128,1,129,1,130,1,131,1,132,1,133,1,134,1,136,1,137,3,138,2,139,2,141,5,145,1,146,2,148,1,149,10,150,14,151,14,152,14,153,14,154,14,155,14,160,10,163,1,164,2,165,1,167,1,168,2,170,1,171,1,172,3,173,3,174,5,175,6,176,3,177,1,178,1,179,2,180,1,181,2,182,1,183,1,184,3,185,1,186,2,187,4,188,1,189,1,190,1
3,2,28,3,3,4,1,5,1,6,22,7,9,8,1,10,16,11,15,12,21,14,90,16,6,17,30,18,9,19,11,20,22,21,1,22,4,23,1,24,1,25,29,26,7,27,2,28,3,29,2,30,23,32,3,33,2,35,17,36,7,37,3,38,1,39,1,41,13,43,3,44,3,47,1,50,2,51,5,52,6,53,3,54,3,58,2,66,4,68,3,71,12,72,7,73,10,74,5,76,22,77,5,78,6,79,3,81,10,82,7,83,3,84,8,85,4,86,15,87,15,88,15,89,15,90,15,91,15,92,32,94,28,95,6,96,5,97,2,98,4,99,4,100,4,101,4,102,4,103,4,104,4,105,4,106,4,107,4,108,2,109,7,110,5,112,13,113,2,115,11,116,3,117,2,119,4,121,5,124,3,125,3,126,3,127,3,128,3,129,3,130,3,131,3,132,3,133,3,134,3,136,5,137,2,138,13,141,1,143,1,144,2,145,1,148,13,157,2,160,1,164,7,165,4,166,6,167,2,168,3,170,2,175,1,184,4,191,3,192,3,193,1,194,2,195,1,196,8,197,1,198,1,199,8,200,2,201,1,202,1,203,1,204,1,205,1,206,2,207,1,208,1,209,1,210,1,211,1,212,1
4,2,13,3,3,6,8,7,1,8,4,10,4,11,6,12,9,14,143,16,7,17,21,18,9,19,1,20,16,21,1,22,7,23,4,24,4,25,25,26,19,27,9,29,9,30,10,32,1,33,4,35,4,36,5,39,1,41,7,43,1,44,1,47,1,48,5,49,1,50,1,51,7,52,7,53,7,66,2,68,4,71,8,72,9,73,3,74,12,75,1,76,17,78,3,79,5,81,8,82,7,83,2,84,1,85,1,86,6,87,6,88,6,89,6,90,6,91,7,92,25,94,19,95,5,96,2,97,1,108,1,109,4,110,2,112,9,113,1,115,18,116,2,119,1,121,1,136,4,138,10,140,1,144,1,145,2,147,1,148,11,157,3,164,1,166,1,167,1,168,2,170,1,184,2,194,1,196,6,199,3,213,19,214,3,215,38,216,4,217,16,218,2,219,13,220,2,221,22,222,7,223,3,224,3,225,1,226,2,227,2,228,1,229,2,230,1,231,1,232,9,233,1,234,2,235,1,236,1,237,2,238,1,239,5,240,2,241,1,242,1
5,2,4,3,16,4,1,5,1,6,5,7,18,8,2,10,12,11,14,12,19,13,1,14,17,15,1,16,67,17,7,18,46,19,15,20,8,22,13,23,6,24,6,25,18,26,31,27,15,28,5,29,9,30,4,32,1,33,10,34,4,35,4,36,17,37,3,38,7,39,5,40,5,41,4,42,2,43,7,44,7,45,7,46,5,47,3,48,5,49,10,50,1,51,16,52,4,53,3,54,11,57,5,58,3,59,2,65,9,66,5,68,4,70,2,71,3,73,10,74,2,75,2,76,9,77,16,78,6,79,3,80,4,81,17,83,5,84,1,85,12,86,5,87,5,88,5,89,5,90,5,91,5,92,14,94,4,95,1,96,12,110,2,111,1,112,17,113,2,114,3,115,4,116,9,118,1,119,4,121,1,124,3,125,1,126,1,127,1,128,1,129,1,130,1,131,1,132,1,133,1,134,1,135,5,137,9,138,1,139,1,140,2,141,8,142,1,144,1,146,1,148,4,149,7,150,7,151,7,152,7,153,7,154,7,155,7,158,1,160,8,163,1,164,4,165,1,167,1,170,6,173,1,178,1,184,1,185,1,186,1,194,2,196,4,197,1,198,1,207,1,208,1,224,2,226,3,243,1,244,1,245,1,246,1,247,2,248,2,249,2,250,2,251,2,252,2,253,1,254,1,255,1
6,2,9,3,7,4,1,5,1,6,12,7,16,8,5,10,8,11,12,12,12,13,1,14,59,15,1,16,19,17,17,18,19,19,15,20,13,21,5,22,9,23,11,24,11,25,16,26,22,27,16,28,1,29,6,30,18,31,3,32,5,33,7,35,14,36,10,37,2,39,3,40,7,41,11,42,2,43,3,44,3,45,2,46,6,47,7,48,6,49,4,50,6,51,4,52,6,53,5,54,5,57,2,58,4,65,3,66,1,68,2,71,6,72,3,73,11,74,9,76,18,77,8,78,9,79,2,80,3,81,6,82,6,83,5,84,5,85,5,86,10,87,10,88,10,89,10,90,10,91,10,92,15,94,10,95,5,96,6,97,2,98,5,99,5,100,5,101,5,102,5,103,5,104,5,105,5,106,5,107,5,108,1,110,4,112,4,113,4,114,2,115,6,116,1,119,9,120,1,121,3,122,1,123,1,124,3,125,1,126,1,127,1,128,1,129,1,130,1,131,1,132,1,133,1,134,1,135,5,136,1,137,3,138,11,139,4,141,8,142,3,144,7,146,1,147,1,148,7,156,5,157,1,158,2,159,2,160,3,163,2,164,3,166,1,167,3,168,1,171,1,172,1,173,1,178,5,180,1,183,1,185,1,187,1,193,1,194,2,196,5,197,1,198,1,199,2,200,1,203,1,206,1,207,2,212,2,228,1,242,3,243,1,245,1,246,1,253,6,254,3,255,6,256,3,257,1,258,1,259,1,260,1,261,1
7,2,3,3,12,4,2,5,2,6,9,7,11,8,4,9,3,10,3,11,4,12,4,13,1,14,30,16,55,17,14,18,31,19,7,20,17,21,2,22,14,23,10,24,10,25,29,26,17,27,13,28,8,29,7,30,7,32,2,33,11,34,1,35,4,36,17,37,1,38,1,39,4,40,2,41,8,43,2,44,2,45,8,46,1,47,3,48,4,49,8,50,4,51,12,52,6,53,4,54,2,55,1,56,3,57,3,58,2,65,7,66,8,68,3,70,1,71,10,72,1,73,6,74,3,75,1,76,14,77,9,78,13,80,2,81,13,82,6,83,9,84,1,85,8,86,3,87,3,88,3,89,3,90,3,91,3,92,16,93,1,94,11,95,5,96,11,97,1,108,3,109,1,110,2,112,19,114,2,115,6,116,8,118,1,119,1,124,1,125,2,126,2,127,2,128,2,129,2,130,2,131,2,132,2,133,2,134,2,135,2,136,1,137,5,138,1,139,3,140,1,141,4,142,3,143,3,144,4,145,3,146,5,148,1,149,5,150,6,151,6,152,6,153,6,154,6,155,6,158,2,159,2,160,8,163,1,164,4,166,3,167,8,168,2,169,1,170,4,171,1,172,2,174,3,175,1,178,4,184,1,185,1,186,1,187,1,196,2,199,1,226,8,231,1,236,1,253,3,254,1,255,3,256,1,262,1,263,1,264,2,265,1,266,1
8,2,4,3,15,4,2,5,2,6,12,7,12,8,2,10,11,11,15,12,19,14,17,15,1,16,52,17,9,18,26,19,12,20,14,21,7,22,11,23,10,24,10,25,24,26,18,27,3,28,1,29,9,30,5,31,6,32,4,33,4,34,1,35,12,36,19,37,2,38,5,39,6,40,8,41,7,42,1,43,5,44,5,45,10,46,2,47,2,49,7,50,8,51,6,52,4,53,3,54,3,57,8,58,5,59,5,65,3,66,4,68,2,70,2,71,8,72,2,73,7,74,4,75,3,76,20,77,8,78,5,79,2,80,3,81,22,82,5,83,4,85,5,86,9,87,9,88,9,89,9,90,9,91,9,92,14,93,2,94,6,95,4,96,1,97,1,98,3,99,3,100,3,101,3,102,3,103,3,104,3,105,3,106,3,107,3,108,1,109,3,110,5,111,2,112,11,113,3,114,1,115,1,116,10,119,4,120,4,121,1,122,3,124,2,125,1,126,1,127,1,128,1,129,1,130,1,131,1,132,1,133,1,134,1,135,6,136,3,137,7,138,7,139,3,140,4,141,5,142,2,143,1,144,5,145,1,147,3,148,8,149,5,150,4,151,4,152,4,153,4,154,4,155,4,156,2,158,1,160,3,163,2,164,3,165,1,166,2,167,2,168,2,170,4,171,1,172,2,173,1,175,3,176,1,178,1,179,1,185,1,187,2,196,2,199,1,200,1,203,1,207,1,208,2,212,2,226,4,228,1,242,4,247,1,253,1,255,1,260,2,267,1
9,2,8,3,15,4,2,5,2,6,14,7,18,8,4,10,16,11,20,12,28,14,5,16,44,17,12,18,51,19,9,20,13,21,6,22,8,23,6,24,6,25,20,26,18,27,15,29,9,30,4,33,9,34,2,35,8,36,24,38,5,39,4,40,5,41,5,42,2,43,3,44,3,45,1,47,4,48,9,49,11,50,4,51,12,52,3,53,2,54,10,57,8,58,4,65,6,66,4,68,8,71,11,72,1,73,7,74,3,75,1,76,9,77,10,78,11,79,3,80,1,81,11,82,2,83,7,84,2,85,9,86,7,87,7,88,7,89,7,90,7,91,7,92,12,93,1,94,15,95,10,96,11,98,2,99,2,100,2,101,2,102,2,103,2,104,2,105,2,106,2,107,2,108,3,110,2,111,1,112,20,113,2,114,1,115,1,116,11,119,5,120,1,122,1,125,1,126,1,127,1,128,1,129,1,130,1,131,1,132,1,133,1,134,1,135,1,136,4,137,3,138,2,139,2,140,1,141,6,142,1,144,1,145,2,146,4,149,5,158,3,159,1,160,3,163,2,164,2,165,1,166,4,167,4,170,8,171,1,172,2,175,1,178,3,184,1,185,2,186,1,187,1,199,2,228,1,236,2,253,3,254,1,255,3,268,1,269,1
10,2,6,3,9,6,12,7,21,8,1,9,1,10,15,11,15,12,21,14,67,16,7,17,21,18,22,19,12,20,21,21,3,22,10,23,2,24,2,25,20,26,23,27,19,28,2,29,9,30,23,32,1,33,6,34,2,35,16,36,11,37,3,38,2,39,2,40,4,41,13,43,3,44,3,45,1,47,6,48,5,49,6,50,3,51,4,52,2,53,1,54,6,55,1,56,1,57,6,58,7,65,1,66,3,68,3,70,1,71,7,72,6,73,10,74,12,76,18,77,12,78,8,79,2,81,11,82,7,83,5,84,3,85,12,86,11,87,11,88,11,89,11,90,11,91,11,92,22,94,10,95,7,96,1,98,2,99,2,100,2,101,2,102,2,103,2,104,2,105,2,106,2,107,2,108,1,109,3,110,1,112,12,113,4,115,9,116,4,117,2,119,6,121,3,122,1,124,4,125,1,126,1,127,1,128,1,129,1,130,1,131,1,132,1,133,1,134,1,135,1,136,2,137,1,138,3,140,1,141,6,143,1,144,4,145,1,146,1,148,7,150,1,151,1,152,1,153,1,154,1,155,1,157,2,159,1,160,5,161,1,162,1,164,4,165,4,166,2,167,1,168,4,170,2,171,1,175,1,178,1,180,3,183,1,184,1,185,4,193,1,194,3,195,1,196,2,199,1,200,2,201,1,211,1,228,2,231,1,242,1,253,1,255,1,268,2,270,1,271,1,272,1,273,1,274,1,275,1
11,2,11,3,6,4,3,5,3,6,14,7,13,9,1,10,11,11,8,12,14,14,45,16,18,17,17,18,24,19,11,20,13,21,6,22,8,23,9,24,9,25,21,26,22,27,2,28,3,29,13,30,6,31,5,32,1,33,4,34,2,35,9,36,15,37,6,38,1,39,5,40,6,41,7,42,2,43,2,44,2,45,3,46,2,49,10,50,2,51,1,52,11,53,7,55,1,56,1,57,4,58,6,59,3,65,1,66,4,68,1,70,2,71,14,72,1,73,11,74,4,75,1,76,15,77,11,78,10,79,9,80,1,81,14,82,7,83,6,84,5,85,10,86,9,87,9,88,9,89,9,90,9,91,9,92,16,94,22,95,6,96,2,98,1,99,1,100,1,101,1,102,1,103,1,104,1,105,1,106,1,107,1,108,2,109,2,110,6,112,10,113,5,114,2,115,5,116,6,117,1,119,11,121,1,122,4,124,3,125,4,126,4,127,4,128,4,129,4,130,4,131,4,132,4,133,4,134,4,135,5,136,3,137,3,138,10,139,1,141,8,142,3,143,2,144,4,145,3,148,1,149,2,156,1,160,2,164,2,165,3,166,7,167,4,170,1,171,2,175,3,178,2,184,4,185,1,186,2,187,1,190,1,191,1,192,1,194,1,196,2,198,1,199,4,200,1,207,1,228,1,236,2,242,3,253,4,254,2,255,4,256,1,260,1,266,1,276,2,277,2,278,2,279,1,280,2,281,1,282,1,283,1,284,1
12,2,19,3,6,4,2,5,2,6,14,7,13,8,5,9,2,10,13,11,14,12,17,14,76,16,25,17,20,18,20,19,9,20,13,21,4,22,6,23,5,24,5,25,22,26,10,27,12,28,1,29,3,30,16,32,3,33,6,34,1,35,15,36,6,37,2,39,3,40,2,41,14,43,1,44,1,45,3,46,3,47,3,48,2,49,4,50,3,51,5,52,3,53,3,55,2,56,2,57,2,58,2,59,2,60,1,61,1,62,1,63,1,64,1,65,2,66,3,68,3,70,5,71,11,72,1,73,3,74,5,76,26,77,9,78,4,79,7,80,3,81,6,82,7,83,6,84,2,85,6,86,9,87,9,88,9,89,9,90,9,91,9,92,13,94,21,95,4,96,8,97,1,98,3,99,3,100,3,101,3,102,3,103,3,104,3,105,3,106,3,107,3,109,6,110,11,111,2,112,10,113,1,115,10,116,10,117,1,119,3,120,1,122,4,123,3,124,8,135,5,136,1,137,4,138,11,139,3,140,1,141,1,142,5,143,3,145,1,146,1,148,8,149,2,150,3,151,3,152,3,153,3,154,3,155,3,156,1,159,1,164,3,166,7,167,1,168,2,170,3,171,1,178,2,184,1,186,1,187,1,196,7,199,8,203,1,205,1,207,1,208,1,211,1,226,2,228,1,231,2,236,3,266,2,271,1,272,1,273,1,276,1,277,1,278,1,280,1
13,2,4,3,16,4,1,5,1,6,2,7,6,9,1,10,6,11,7,12,8,14,2,16,53,17,25,18,34,19,24,20,17,21,4,22,6,23,6,24,6,25,25,26,9,27,2,28,22,29,11,30,10,31,4,33,16,35,8,36,7,37,1,38,1,39,1,40,13,41,10,42,2,43,4,44,4,45,10,49,15,50,4,51,17,52,2,53,1,54,4,56,1,57,6,58,4,59,4,65,4,66,3,68,1,71,17,72,1,73,8,74,5,75,1,76,26,77,7,78,8,79,1,80,1,81,3,82,1,83,4,85,2,92,19,93,1,94,17,95,2,96,14,97,1,108,1,111,1,112,32,113,20,114,1,115,1,116,6,119,4,120,1,122,3,124,1,125,1,126,1,127,1,128,1,129,1,130,1,131,1,132,1,133,1,134,1,135,1,136,1,137,3,138,2,140,2,141,5,142,2,143,2,144,2,145,1,148,1,149,3,150,6,151,6,152,6,153,6,154,6,155,6,157,2,158,1,160,13,163,1,165,2,166,2,167,2,168,1,170,1,171,11,174,3,175,1,178,1,184,12,186,1,199,1,200,2,242,4,247,1,253,2,255,2,260,1,266,1,279,1,280,2
14,2,2,3,8,4,1,5,1,6,5,7,15,8,2,10,4,11,3,12,8,13,1,14,13,15,1,16,128,17,8,18,22,19,13,20,7,21,2,22,4,23,6,24,6,25,13,26,4,27,18,28,1,29,4,30,1,31,25,32,1,33,6,34,2,35,3,36,13,37,2,38,1,39,1,40,7,41,7,42,1,43,4,44,4,45,49,46,5,47,4,48,6,49,1,50,3,51,16,52,1,53,1,54,3,58,1,59,7,65,8,66,7,67,2,68,2,70,2,71,9,72,1,73,6,74,2,75,1,76,7,77,4,78,4,79,2,80,1,81,7,82,2,83,4,84,4,85,14,86,5,87,5,88,5,89,5,90,5,91,5,92,5,94,4,95,2,96,5,98,2,99,2,100,2,101,2,102,2,103,2,104,2,105,2,106,2,107,2,108,3,109,1,110,6,111,11,112,8,114,7,115,2,116,8,118,3,119,2,121,1,122,5,123,2,137,3,138,3,139,6,141,12,144,3,145,3,146,3,147,1,148,1,149,7,150,34,151,34,152,34,153,35,154,34,155,34,156,2,157,1,158,1,160,4,163,1,164,2,165,1,167,5,170,1,174,14,175,1,183,1,184,2,185,2,186,3,193,1,194,3,197,1,198,1,203,1,226,2,242,3,244,1,247,4,256,2,280,1,285,2,286,2,287,1,288,1,289,1,290,1,291,1,292,1,293,2,294,2,295,2,296,2,297,1,298,1,299,1
15,2,3,3,19,6,5,7,16,8,3,10,5,11,5,12,2,13,2,14,8,16,90,17,10,18,45,19,16,20,8,21,1,22,7,23,7,24,7,25,24,26,15,27,10,28,6,29,7,30,1,31,6,33,9,34,3,35,7,36,21,37,6,38,3,39,1,40,9,41,6,42,2,43,2,44,2,45,10,46,13,47,3,48,4,49,7,50,5,51,10,52,2,53,2,54,5,57,1,58,3,59,2,65,9,66,1,68,4,71,12,73,6,74,5,75,2,76,13,77,15,78,8,79,3,80,1,81,9,82,3,83,7,84,1,85,5,86,3,87,3,88,3,89,3,90,3,91,3,92,12,93,1,94,12,95,3,96,7,98,1,99,1,100,1,101,1,102,1,103,1,104,1,105,1,106,1,107,1,108,1,109,1,110,5,111,3,112,11,113,3,114,10,115,2,116,11,118,1,119,2,120,2,122,3,123,1,124,1,135,1,136,1,137,1,138,2,139,4,140,2,141,9,143,2,144,4,146,5,147,1,149,13,150,9,151,9,152,9,153,9,154,9,155,9,156,1,158,1,160,8,166,3,167,7,168,1,169,1,170,3,172,1,174,3,175,1,178,1,182,1,184,1,185,2,186,2,187,1,199,1,208,2,256,1,261,1,269,1,279,1,300,1,301,1
16,2,6,3,11,6,5,7,13,8,5,10,12,11,15,12,14,14,99,16,25,17,17,18,19,19,11,20,10,21,1,22,9,23,9,24,9,25,30,26,13,27,8,28,2,29,2,30,25,32,2,33,7,34,4,35,12,36,10,38,2,39,5,40,4,41,6,42,2,43,1,44,1,45,8,47,3,48,6,49,7,50,1,51,8,52,4,53,3,54,3,57,3,58,5,59,2,60,1,61,1,62,1,63,1,64,1,65,5,66,5,67,1,68,3,71,9,72,6,73,8,74,4,76,13,77,4,78,4,80,3,81,3,82,10,83,4,84,3,85,6,86,3,87,3,88,3,89,3,90,3,91,3,92,13,94,14,95,6,96,4,98,3,99,3,100,3,101,3,102,3,103,3,104,3,105,3,106,3,107,3,108,2,109,4,110,6,112,17,113,5,114,1,115,8,116,10,117,1,118,1,119,2,120,1,121,2,124,3,125,1,126,1,127,1,128,1,129,1,130,1,131,1,132,1,133,1,134,1,135,2,136,2,137,4,138,4,141,3,142,1,144,9,145,3,146,1,147,1,148,6,149,4,150,4,151,4,152,4,153,4,154,4,155,4,157,1,158,1,160,1,163,1,164,2,165,6,166,5,167,5,168,3,170,1,174,1,178,1,184,3,185,1,187,1,191,1,192,1,194,1,196,3,198,1,199,3,206,1,207,1,226,4,228,1,236,2,280,1,291,1,302,1,303,1,304,1
17,2,10,3,10,4,2,5,2,6,9,7,9,8,6,10,6,11,9,12,8,14,41,16,40,17,9,18,25,19,17,20,10,21,1,22,6,23,6,24,6,25,23,26,11,27,17,28,6,29,5,30,16,31,9,32,1,33,7,34,2,35,10,36,6,37,3,38,2,39,2,40,5,41,14,42,1,43,4,44,4,45,16,46,4,47,1,48,7,49,7,50,3,51,6,52,5,53,3,54,2,57,2,58,6,59,1,65,3,66,9,67,1,68,2,71,9,72,1,73,7,74,5,75,2,76,14,77,8,78,6,79,7,80,2,81,13,82,5,83,7,84,2,85,6,86,7,87,7,88,7,89,7,90,7,91,7,92,15,93,1,94,14,95,13,96,11,97,2,98,1,99,1,100,1,101,1,102,1,103,1,104,1,105,1,106,1,107,1,109,2,110,6,111,2,112,16,113,5,115,9,116,5,118,1,119,4,120,2,121,1,122,1,123,2,124,4,125,2,126,2,127,2,128,2,129,2,130,2,131,2,132,2,133,2,134,2,135,2,136,1,137,3,138,10,139,2,140,1,141,8,142,1,143,1,144,2,145,4,146,2,147,1,148,3,150,8,151,8,152,8,153,8,154,8,155,8,156,4,158,1,160,1,163,2,164,4,165,2,166,2,167,1,168,4,169,1,170,2,171,1,172,1,174,4,175,1,183,1,184,2,188,1,189,1,196,1,197,1,198,1,199,5,200,1,207,2,226,4,228,1,231,1,236,2,242,2,257,1,261,1,266,1,269,1,303,1,305,1,306,1
18,2,13,3,8,6,8,7,9,8,1,10,12,11,13,12,14,14,69,16,53,17,20,18,16,19,10,20,6,21,1,22,5,23,7,24,7,25,20,26,12,27,2,28,5,29,6,30,16,31,12,32,3,33,5,34,3,35,21,36,7,37,5,40,6,41,10,42,1,43,4,44,4,45,17,46,1,47,1,49,8,50,4,51,9,52,3,53,2,54,2,57,5,58,4,59,3,65,2,68,4,71,9,72,6,73,12,74,3,76,11,77,6,78,4,79,4,80,1,81,11,82,9,83,3,84,3,85,4,86,6,87,6,88,6,89,6,90,6,91,6,92,10,93,1,94,17,95,4,96,5,97,1,98,2,99,2,100,2,101,2,102,2,103,2,104,2,105,2,106,2,107,2,108,2,109,5,110,11,111,3,112,13,113,1,114,2,115,14,116,8,117,2,119,5,120,2,121,2,122,2,123,3,124,2,125,1,126,1,127,1,128,1,129,1,130,1,131,1,132,1,133,1,134,1,135,3,136,1,137,2,138,7,139,1,141,7,142,4,143,1,144,2,145,3,148,9,150,10,151,10,152,10,153,10,154,10,155,10,157,3,160,1,165,1,166,4,167,3,168,1,170,2,174,3,178,1,184,1,185,2,186,1,187,1,193,1,194,3,196,4,197,1,198,1,199,5,200,1,201,1,206,1,208,1,211,1,226,6,228,2,242,1,245,1,253,1,255,1,261,1,271,1,272,1,280,1,285,1,286,1,298,1,299,1,307,1,308,1,309,1,310,1,311,1,312,1,313,1,314,1,315,1
19,2,21,3,4,4,1,5,1,6,11,7,13,8,1,10,9,11,7,12,13,14,80,16,11,17,11,18,22,19,6,20,27,21,3,22,6,23,5,24,5,25,18,26,20,27,7,29,7,30,19,32,2,33,9,34,1,35,17,36,4,37,4,38,1,39,4,40,1,41,10,42,1,43,1,44,1,47,3,48,2,49,7,50,1,51,10,52,8,53,6,54,4,57,3,58,4,65,3,66,1,68,2,70,5,71,10,72,8,73,5,74,10,76,17,77,9,78,9,79,5,80,2,81,14,82,10,83,2,84,3,85,7,86,8,87,8,88,8,89,8,90,8,91,8,92,27,94,26,95,7,96,4,97,2,98,2,99,2,100,2,101,2,102,2,103,2,104,2,105,2,106,2,107,2,108,1,109,4,110,5,112,14,113,3,115,7,116,4,117,3,119,1,121,3,122,1,124,5,125,2,126,2,127,2,128,2,129,2,130,2,131,2,132,2,133,2,134,2,135,2,136,3,137,4,138,8,141,2,142,1,143,1,144,6,145,2,146,1,148,5,159,1,160,1,163,1,164,4,165,4,166,5,167,2,168,6,170,4,173,1,178,1,181,1,184,4,185,1,191,1,192,1,194,1,196,3,199,5,200,1,201,1,206,2,208,1,211,1,228,4,236,1,253,2,254,1,255,2,256,1,261,1,271,1,272,1,290,1,316,1
20,2,5,3,13,4,1,5,1,6,16,7,17,8,3,10,6,11,7,12,9,14,43,16,32,17,20,18,18,19,14,20,13,21,6,22,4,23,5,24,5,25,32,26,20,27,12,28,1,29,9,30,11,31,2,32,2,33,5,35,8,36,11,37,2,38,2,39,4,40,2,41,8,42,1,43,4,44,4,45,3,46,1,47,2,48,3,49,6,50,7,51,11,52,6,53,5,54,4,57,3,58,1,59,1,65,5,68,4,69,1,70,1,71,10,72,5,73,12,74,5,76,14,77,7,78,8,79,7,81,12,82,5,83,2,84,5,85,10,86,9,87,9,88,9,89,9,90,9,91,9,92,17,94,11,95,5,96,10,97,1,108,4,109,2,110,5,111,3,112,15,113,5,114,5,115,3,116,15,119,1,120,1,122,1,124,1,125,1,126,1,127,1,128,1,129,1,130,1,131,1,132,1,133,1,134,1,135,2,136,4,138,6,140,1,141,2,142,6,143,1,144,3,148,7,149,6,150,1,151,1,152,1,153,1,154,1,155,1,158,1,159,1,160,5,161,1,162,1,163,1,165,2,166,1,167,8,168,4,170,8,171,3,175,1,178,1,184,5,185,2,186,1,187,1,196,10,199,2,200,2,201,2,203,1,212,1,226,2,228,2,253,2,254,1,255,2,256,1,262,1,266,1,274,1,275,1,280,1,293,1,294,1,295,1,302,1,317,1,318,1
21,2,7,3,16,4,2,5,2,6,9,7,8,8,8,10,12,11,10,12,20,14,37,16,19,17,17,18,47,19,19,20,13,21,3,22,12,23,9,24,9,25,31,26,20,27,20,28,1,29,12,30,7,31,1,32,1,33,17,34,2,35,3,36,26,37,1,38,1,39,3,40,4,41,9,42,1,43,7,44,7,45,1,47,3,48,7,49,7,50,9,51,8,52,1,54,5,57,5,58,4,65,5,66,9,68,7,70,1,71,6,72,2,73,4,74,7,75,1,76,17,77,12,78,4,80,5,81,16,82,1,83,8,84,1,85,4,86,5,87,5,88,5,89,5,90,5,91,5,92,10,94,13,95,7,96,8,98,1,99,1,100,1,101,1,102,1,103,1,104,1,105,1,106,1,107,1,108,2,109,1,110,1,112,16,113,1,115,7,116,8,117,2,119,1,122,3,124,2,125,1,126,1,127,1,128,1,129,1,130,1,131,1,132,1,133,1,134,1,135,9,137,6,138,2,139,4,140,1,141,5,144,4,146,1,147,1,148,4,149,2,150,1,151,1,152,1,153,1,154,1,155,1,156,2,157,2,158,1,160,3,164,3,165,2,166,2,167,3,168,5,170,2,171,1,174,2,175,2,178,1,180,3,184,3,185,1,196,1,199,2,201,1,208,1,211,1,226,2,228,2,258,1,259,1,271,1,272,1,319,1
22,2,4,3,14,4,1,5,1,6,11,7,8,8,10,9,1,10,8,11,7,12,12,14,33,16,66,17,14,18,28,19,16,20,6,21,6,22,10,23,6,24,6,25,19,26,18,27,12,28,7,29,6,30,5,31,7,32,1,33,6,35,6,36,15,37,3,38,2,40,14,41,6,42,3,43,6,44,6,45,7,46,4,47,2,48,8,49,6,50,4,51,7,52,8,53,5,54,7,56,1,57,3,58,2,59,3,60,1,61,1,62,1,63,1,64,1,65,2,66,8,68,2,70,2,71,10,73,3,74,6,76,10,77,13,78,14,80,1,81,9,82,5,83,5,84,6,85,11,86,7,87,7,88,7,89,7,90,7,91,7,92,7,94,8,95,3,96,12,97,1,98,1,99,1,100,1,101,1,102,1,103,1,104,1,105,1,106,1,107,1,108,1,111,2,112,16,113,2,114,11,115,5,116,11,119,5,120,4,124,2,125,3,126,3,127,3,128,3,129,3,130,3,131,3,132,3,133,3,134,3,135,1,137,2,138,10,139,4,140,1,141,4,142,4,143,1,144,4,145,1,146,2,147,1,148,2,149,3,150,10,151,10,152,10,153,10,154,10,155,10,159,2,160,4,165,1,167,2,168,3,170,3,174,4,175,1,178,2,180,1,184,5,185,4,187,2,193,1,194,1,196,1,200,1,201,3,209,1,211,1,228,3,242,3,260,1,271,1,272,1,276,1,277,1,278,1,280,4
23,2,12,3,8,4,1,5,1,6,11,7,11,8,4,9,1,10,15,11,21,12,26,14,46,16,20,17,10,18,21,19,7,20,14,21,3,22,3,23,4,24,4,25,13,26,17,27,14,28,5,29,8,30,11,31,8,32,7,33,9,34,2,35,6,36,7,37,10,39,2,40,2,41,11,43,4,44,4,45,1,47,1,48,5,49,6,50,2,51,6,52,16,53,9,54,3,55,1,56,1,57,2,58,1,59,3,65,4,66,8,68,3,70,2,71,15,72,5,73,5,74,5,75,1,76,20,77,15,78,5,79,5,80,2,81,13,82,2,83,8,84,1,85,7,86,6,87,6,88,6,89,6,90,6,91,6,92,19,93,1,94,16,95,7,96,13,97,4,109,3,110,7,111,1,112,4,113,8,114,3,115,8,116,5,119,2,120,1,121,2,122,3,123,2,124,4,125,6,126,6,127,6,128,6,129,6,130,6,131,6,132,6,133,6,134,6,135,5,136,2,137,4,138,5,140,1,141,5,142,2,143,1,144,4,145,1,148,2,150,5,151,5,152,5,153,5,154,5,155,5,158,2,160,3,161,1,162,1,163,1,164,7,165,1,166,4,168,2,170,1,171,1,175,1,180,1,184,2,185,2,187,1,191,2,192,2,193,2,194,4,196,1,199,4,200,1,201,1,203,1,207,1,208,1,211,2,228,2,231,2,253,2,255,2,256,2,257,2,258,1,259,1,262,2,266,1,271,2,272,2,274,1,275,1,276,1,277,1,278,1,279,1,320,1,321,1,322,1
24,2,6,3,11,4,3,5,3,6,9,7,16,8,3,9,3,10,13,11,15,12,21,14,37,15,3,16,30,17,12,18,18,19,20,20,16,21,5,22,8,23,6,24,6,25,27,26,18,27,12,28,2,29,11,30,7,31,12,32,1,33,5,34,2,35,7,36,14,39,2,40,7,41,6,42,1,43,11,44,11,45,5,46,3,47,5,48,6,49,3,50,4,51,5,52,12,53,6,54,8,55,2,56,3,57,4,58,1,59,1,65,4,66,3,68,2,71,10,72,1,73,5,74,7,75,2,76,13,77,9,78,4,79,2,80,3,81,12,82,5,83,1,84,3,85,5,86,6,87,6,88,6,89,6,90,6,91,6,92,16,93,1,94,11,95,1,96,4,97,1,98,4,99,4,100,4,101,4,102,4,103,4,104,4,105,4,106,4,107,4,109,7,110,11,111,2,112,14,113,2,114,2,115,3,116,5,118,1,119,3,120,2,121,2,122,2,123,2,125,5,126,5,127,5,128,5,129,5,130,5,131,5,132,5,133,5,134,5,135,4,136,2,137,5,138,6,139,4,140,1,141,7,142,2,143,5,144,4,145,3,146,2,148,1,149,2,150,6,151,6,152,6,153,6,154,6,155,6,156,1,159,2,160,8,163,3,164,1,166,1,167,1,168,3,170,1,175,1,178,1,180,1,184,4,185,3,194,1,195,1,196,1,199,2,200,1,201,3,208,1,211,1,226,6,228,2,231,1,242,3,253,4,254,1,255,4,256,1,262,1,271,1,272,1,273,1,279,1,280,2,302,1
25,2,8,3,11,6,11,7,22,8,8,10,2,11,6,12,3,14,28,16,44,17,13,18,28,19,11,20,14,21,3,22,18,23,12,24,12,25,32,26,17,27,15,28,8,29,13,30,6,32,1,33,12,34,2,35,4,36,16,37,1,39,5,40,1,41,5,42,5,43,5,44,5,45,11,47,3,48,7,49,8,50,8,51,9,52,5,53,3,54,7,57,3,58,2,59,3,65,4,66,11,68,3,69,1,70,1,71,7,72,3,73,6,74,8,76,14,77,7,78,9,79,2,80,3,81,10,82,8,83,9,84,1,85,10,86,8,87,8,88,8,89,8,90,8,91,8,92,14,94,11,95,5,96,7,98,1,99,1,100,1,101,1,102,1,103,1,104,1,105,1,106,1,107,1,108,3,109,3,110,4,111,1,112,15,113,3,114,1,115,2,116,11,117,1,120,2,121,2,122,5,123,1,124,2,125,2,126,2,127,2,128,2,129,2,130,2,131,2,132,2,133,2,134,2,135,5,136,3,137,4,138,5,141,7,142,4,144,5,145,1,146,1,147,1,148,3,149,1,150,3,151,3,152,3,153,3,154,3,155,3,157,1,159,1,160,2,164,3,166,4,167,6,168,3,170,3,174,2,178,3,184,1,185,4,187,1,199,3,200,1,209,1,228,1,231,1,244,1,253,1,255,1,279,1,285,1,286,1,323,2
26,2,4,3,9,4,1,5,1,6,14,7,12,8,6,9,1,10,12,11,13,12,19,14,5,16,34,17,11,18,49,19,9,20,13,21,3,22,10,23,3,24,3,25,26,26,12,27,20,28,1,29,13,30,6,32,4,33,12,35,4,36,27,37,6,39,3,40,5,41,7,42,3,43,3,44,3,45,2,46,2,47,3,48,9,49,6,50,6,51,10,54,7,56,1,57,6,58,3,59,6,60,1,61,1,62,1,63,1,64,1,65,4,66,12,67,1,68,8,69,2,70,1,71,7,73,5,74,8,76,12,77,12,78,15,79,4,80,2,81,15,82,4,83,13,85,11,86,6,87,6,88,6,89,6,90,6,91,6,92,7,93,2,94,12,95,5,96,22,97,1,98,2,99,2,100,2,101,2,102,2,103,2,104,2,105,2,106,2,107,2,108,2,110,8,111,2,112,15,113,3,114,1,115,2,116,6,117,1,118,1,119,2,122,1,124,2,135,2,136,4,137,2,138,1,139,5,141,5,142,2,143,1,144,4,145,2,146,1,148,1,149,4,150,3,151,3,152,3,153,3,154,3,155,3,160,11,161,1,162,1,164,3,165,3,166,2,167,5,168,3,173,1,175,3,184,2,185,4,187,2,188,1,189,1,193,2,194,3,198,1,199,1,203,1,212,1,226,2,236,1,257,1,279,2,293,1,294,1,295,1
27,2,9,3,6,6,10,7,17,8,3,10,13,11,18,12,23,14,38,16,31,17,13,18,24,19,6,20,15,21,1,22,5,23,7,24,7,25,24,26,18,27,11,28,2,29,9,30,9,32,1,33,14,34,2,35,13,36,9,37,4,39,2,40,11,41,11,43,2,44,2,45,1,46,1,47,2,48,3,49,6,50,3,51,14,52,4,53,4,54,7,57,4,58,3,59,2,65,1,66,4,68,5,69,1,70,3,71,6,72,3,73,22,74,6,76,15,77,11,78,12,79,2,80,1,81,13,82,8,83,2,84,2,85,13,86,8,87,8,88,8,89,8,90,8,91,8,92,17,94,15,95,3,96,14,98,2,99,2,100,2,101,2,102,2,103,2,104,2,105,2,106,2,107,2,108,3,109,4,110,8,111,1,112,16,113,4,114,1,115,6,116,5,117,1,119,4,124,3,135,3,136,3,137,1,138,5,139,2,141,6,142,2,144,6,145,1,146,2,148,5,149,6,150,1,151,1,152,1,153,1,154,1,155,1,156,1,157,1,160,2,164,4,167,5,168,3,170,2,175,3,178,1,180,1,183,2,184,5,185,2,187,1,188,1,189,1,196,2,199,2,200,1,212,1,226,2,231,1,258,1,259,1,276,1,277,1,278,1,279,1
28,2,5,3,20,6,13,7,13,8,2,10,8,11,9,12,12,13,1,14,34,16,56,17,17,18,31,19,12,20,9,21,6,22,1,23,3,24,3,25,13,26,21,27,4,28,4,29,10,30,2,31,19,32,2,33,5,34,1,35,4,36,18,37,3,39,2,40,13,41,9,42,1,43,1,44,1,45,7,46,3,47,3,48,1,49,5,50,6,51,9,52,2,54,6,57,5,58,1,59,5,65,5,66,2,67,2,68,1,70,1,71,7,72,2,73,11,74,3,75,1,76,12,77,10,78,9,79,4,81,21,82,7,83,6,84,9,85,4,86,9,87,9,88,9,89,9,90,9,91,9,92,13,93,1,94,8,95,3,96,12,97,1,98,3,99,3,100,3,101,3,102,3,103,3,104,3,105,3,106,3,107,3,108,1,109,2,110,4,111,5,112,17,113,1,114,4,115,5,116,11,118,2,119,5,120,3,121,2,122,1,123,1,124,4,125,2,126,2,127,2,128,2,129,2,130,2,131,2,132,2,133,2,134,2,135,1,136,7,137,2,138,2,139,2,140,2,141,4,142,2,144,2,145,2,146,1,147,1,148,3,149,2,150,12,151,12,152,12,153,12,154,12,155,12,156,1,158,1,159,4,160,6,164,1,166,3,167,4,168,1,169,1,172,1,174,1,175,3,178,5,183,1,184,1,185,1,193,1,194,2,196,1,198,1,199,3,203,1,242,1,244,1,245,1,246,1,247,1,253,3,254,1,255,3,262,1,268,1,285,1,286,2,298,1,299,1,324,1
29,2,6,3,8,4,3,5,3,6,11,7,20,10,12,11,10,12,16,14,7,16,51,17,12,18,49,19,15,20,11,21,2,22,6,23,5,24,5,25,34,26,21,27,6,28,13,29,12,30,5,33,16,35,1,36,25,37,4,39,2,40,7,41,6,42,2,43,6,44,6,45,3,46,1,49,8,50,7,51,24,52,3,53,2,54,8,57,2,58,2,65,7,66,2,68,5,70,1,71,16,73,10,74,5,76,9,77,11,78,7,79,1,80,4,81,5,82,1,83,9,84,1,85,9,86,7,87,7,88,7,89,7,90,7,91,7,92,22,94,10,95,1,96,14,108,3,112,24,113,1,114,4,116,12,119,4,120,3,122,2,124,2,125,1,126,1,127,1,128,1,129,1,130,1,131,1,132,1,133,1,134,1,135,4,136,2,137,4,138,4,141,13,142,3,144,3,145,2,148,2,149,8,150,2,151,2,152,2,153,2,154,2,155,2,156,1,157,1,159,1,160,7,161,1,162,1,163,1,166,4,167,4,168,2,170,4,172,2,174,2,178,1,184,2,185,3,186,2,194,3,199,2,212,1,244,1,260,2,262,1,286,2,324,2
30,2,4,3,15,4,1,5,1,6,10,7,26,8,6,10,12,11,17,12,20,13,2,14,2,15,1,16,75,17,5,18,35,19,20,20,8,21,2,22,5,23,3,24,3,25,20,26,15,27,16,28,1,29,12,30,1,31,1,33,16,34,2,35,4,36,18,37,4,38,1,39,4,40,6,41,5,42,4,43,6,44,6,45,8,46,1,47,8,48,6,49,7,50,9,51,18,54,2,57,6,59,2,65,3,66,3,68,4,71,10,73,7,74,8,76,6,77,15,78,8,79,1,80,8,81,13,83,3,84,2,85,11,86,4,87,4,88,4,89,4,90,4,91,4,92,11,94,8,95,3,96,14,98,3,99,3,100,3,101,3,102,3,103,3,104,3,105,3,106,3,107,3,110,1,112,14,113,3,114,7,116,10,118,1,119,4,122,1,124,2,135,8,136,1,137,12,138,1,139,2,141,7,142,4,143,2,144,6,146,3,147,1,149,16,150,3,151,3,152,3,153,3,154,3,155,3,160,4,164,5,165,6,166,3,167,1,168,2,170,2,171,1,174,3,184,3,185,3,186,1,187,1,188,1,189,1,194,1,199,2,200,1,211,1,212,3,226,2,228,1,247,1,269,1,271,1,272,1,286,1,300,1,324,1
31,2,2,3,18,4,3,5,3,6,8,7,13,8,4,9,1,10,14,11,16,12,21,14,19,16,36,17,14,18,30,19,30,20,5,21,5,22,7,23,6,24,6,25,17,26,12,27,20,28,3,29,11,30,7,31,16,33,14,35,6,36,12,37,6,38,2,39,2,40,9,41,13,43,11,44,11,45,15,46,4,47,3,48,7,49,7,50,3,51,6,52,1,53,1,54,10,56,1,57,8,58,2,59,5,65,2,66,7,68,5,71,10,72,1,73,6,74,7,75,3,76,17,77,14,78,11,79,1,80,4,81,10,82,7,83,2,85,11,86,2,87,2,88,2,89,2,90,2,91,2,92,4,94,9,95,9,96,6,108,2,110,3,111,2,112,12,113,3,114,1,115,1,116,9,117,1,119,6,120,2,122,4,123,1,124,2,135,4,136,3,137,5,138,6,139,3,140,4,141,5,142,2,143,1,144,2,146,1,147,3,149,3,150,6,151,6,152,6,153,6,154,6,155,6,156,2,157,1,158,1,160,3,163,4,164,4,165,3,166,1,167,4,168,2,170,2,171,5,172,1,174,4,182,1,185,4,186,1,199,1,201,1,242,1,253,1,255,1,256,1,260,1,261,2,262,1,266,1
32,2,13,3,7,4,2,5,2,6,10,7,18,8,6,10,8,11,10,12,17,13,1,14,15,15,2,16,43,17,11,18,33,19,16,20,12,21,8,22,7,23,5,24,5,25,19,26,28,27,21,28,2,29,16,30,9,31,1,32,2,33,6,34,2,35,11,36,11,37,3,38,2,39,2,40,5,41,9,42,1,43,6,44,6,45,4,47,5,48,7,49,7,50,3,51,4,52,8,53,5,54,10,57,4,58,1,65,4,66,7,68,1,70,1,71,12,72,1,73,6,74,4,75,1,76,13,77,8,78,11,79,2,80,2,81,15,82,9,83,5,85,11,86,5,87,5,88,5,89,5,90,5,91,5,92,21,94,22,95,6,96,7,108,4,109,1,110,2,112,8,113,2,114,2,115,2,116,6,117,1,119,4,121,1,122,2,125,3,126,3,127,3,128,3,129,3,130,3,131,3,132,3,133,3,134,3,135,4,137,3,138,5,140,2,141,3,142,3,144,1,145,1,146,3,148,2,149,4,150,6,151,6,152,6,153,6,154,6,155,6,156,2,157,1,159,1,160,6,161,1,162,1,163,2,164,2,166,5,167,5,168,2,170,3,173,1,175,1,178,4,183,1,184,2,185,2,186,1,187,3,188,1,189,1,196,2,197,2,198,2,199,4,231,1,236,2,243,2,245,1,246,1,247,1,253,5,254,2,255,5,256,1,260,2,262,1,298,1,299,1,300,1,309,1,310,1,311,1,312,1,313,1,314,1,315,1
33,2,14,3,7,6,18,7,12,8,2,9,1,10,10,11,12,12,18,14,84,16,11,17,21,18,16,19,9,20,13,22,7,23,4,24,4,25,23,26,21,27,11,29,10,30,12,32,1,33,4,34,2,35,21,36,7,40,1,41,19,43,2,44,2,47,1,48,3,49,11,51,9,52,5,53,4,54,4,55,1,56,1,57,5,58,3,65,2,66,1,68,2,70,2,71,8,72,4,73,10,74,11,75,2,76,28,77,10,78,5,79,5,81,14,82,13,83,6,84,3,85,5,86,16,87,16,88,16,89,16,90,16,91,16,92,16,93,1,94,16,95,5,96,2,97,1,108,3,109,4,110,7,112,9,113,2,114,4,115,9,116,8,117,1,119,3,121,1,122,2,124,9,125,1,126,1,127,1,128,1,129,1,130,1,131,1,132,1,133,1,134,1,135,2,136,4,137,3,138,4,140,2,141,3,142,2,143,2,144,1,145,2,146,1,148,6,149,1,150,1,151,1,152,1,153,1,154,1,155,1,157,3,160,5,163,2,164,6,165,2,166,5,167,5,168,3,170,1,171,1,174,1,175,3,184,4,186,2,190,1,194,1,196,3,199,5,200,1,228,1,236,1,266,1,298,1,299,1,325,1
34,2,4,3,10,6,11,7,17,8,3,10,11,11,13,12,16,14,15,16,45,17,19,18,38,19,15,20,8,21,3,22,12,23,11,24,11,25,26,26,23,27,9,28,9,29,12,30,3,31,4,32,1,33,6,34,1,35,3,36,21,37,6,38,3,39,5,40,3,41,17,43,2,44,2,45,7,46,1,47,4,48,1,49,12,50,5,51,7,52,5,53,5,54,4,57,2,58,3,65,4,66,2,68,3,69,1,70,2,71,10,72,4,73,7,74,5,76,26,77,13,78,11,79,3,81,10,82,4,83,11,85,9,86,6,87,6,88,6,89,6,90,6,91,6,92,13,93,1,94,12,95,7,96,11,97,2,108,2,109,1,110,4,112,14,113,4,114,3,115,5,116,8,119,4,120,4,123,1,124,5,135,1,136,3,138,3,141,5,142,1,144,2,145,1,148,1,149,3,150,5,151,5,152,5,153,5,154,5,155,5,156,1,157,3,160,2,164,5,165,1,166,1,167,5,168,3,170,4,171,2,173,1,174,1,175,1,177,1,180,2,181,1,183,1,184,1,185,3,186,1,187,1,193,2,194,3,196,1,198,1,199,1,200,1,203,2,208,1,212,1,242,3,247,1,257,1,307,1
35,2,11,3,9,4,1,5,1,6,11,7,12,9,3,10,5,11,9,12,7,14,45,16,40,17,19,18,31,19,13,20,13,21,5,22,9,23,11,24,11,25,23,26,14,27,4,28,3,29,6,30,9,32,5,33,8,34,3,35,8,36,10,37,2,39,3,40,3,41,14,42,1,43,6,44,6,45,11,46,1,47,2,48,2,49,5,50,3,51,8,52,5,53,3,54,7,55,2,56,3,57,1,58,3,59,1,65,7,66,3,68,4,69,1,71,6,73,8,74,5,76,21,77,10,78,10,79,5,80,1,81,16,82,4,83,5,84,1,85,13,86,9,87,9,88,9,89,9,90,9,91,9,92,20,93,2,94,14,95,2,96,9,97,2,108,3,109,3,110,6,111,3,112,12,113,5,114,1,115,5,116,6,117,1,122,3,124,4,125,2,126,2,127,2,128,2,129,2,130,2,131,2,132,2,133,2,134,2,135,3,136,5,137,1,138,5,141,4,142,3,143,4,144,5,145,2,148,6,149,3,150,5,151,5,152,5,153,5,154,5,155,5,156,1,157,2,159,1,160,4,161,1,162,1,163,1,164,4,165,1,166,1,167,5,168,1,170,1,171,2,174,1,175,2,178,2,184,2,185,2,186,1,190,1,196,3,199,2,208,1,209,1,211,1,212,1,228,1,231,2,236,1,253,2,254,1,255,2,256,1,257,1,262,1,266,2,271,1,272,1,274,1,275,1,320,1,326,1
36,2,11,3,9,4,1,5,1,6,13,7,14,8,5,10,18,11,17,12,26,14,47,16,34,17,22,18,23,19,10,20,20,21,2,22,13,23,9,24,9,25,22,26,17,27,12,28,2,29,13,30,17,31,1,33,6,34,4,35,12,36,9,38,2,39,2,40,4,41,10,42,1,43,1,44,1,47,4,48,7,49,6,50,3,51,12,52,4,53,4,54,3,57,6,58,4,65,3,66,7,68,7,71,12,72,3,73,6,74,6,75,1,76,13,77,10,78,8,79,4,80,3,81,9,82,5,83,6,84,1,85,7,86,10,87,10,88,10,89,10,90,10,91,10,92,18,94,19,95,3,96,6,98,1,99,1,100,1,101,1,102,1,103,1,104,1,105,1,106,1,107,1,108,2,109,1,112,22,113,1,114,2,115,8,116,9,117,2,119,2,120,1,122,1,124,2,135,3,136,1,137,3,138,3,140,1,141,5,144,1,148,4,149,3,150,1,151,1,152,1,153,1,154,1,155,1,156,1,160,3,163,1,165,5,166,6,167,2,170,5,172,1,173,1,178,1,184,2,185,1,188,1,189,1,196,1,199,3,200,1,207,1,211,1,226,4,231,1,236,1,253,1,254,1,255,1,258,1,259,1,271,1,272,1,293,1,294,1,295,1,298,1,299,1,307,1
37,2,11,3,11,6,23,7,18,8,4,10,13,11,15,12,27,14,41,15,1,16,19,17,19,18,33,19,6,20,16,21,3,22,4,23,1,24,1,25,29,26,23,27,9,28,2,29,7,30,17,32,3,33,7,34,3,35,12,36,13,38,3,39,4,40,3,41,7,42,1,43,1,44,1,47,6,48,2,49,11,50,1,51,6,52,4,53,3,54,6,57,4,58,3,65,3,68,6,70,1,71,11,72,3,73,4,74,9,75,1,76,18,77,9,78,10,79,4,80,3,81,14,82,4,83,4,84,2,85,6,86,15,87,15,88,15,89,15,90,15,91,15,92,27,94,17,95,8,96,12,97,1,98,1,99,1,100,1,101,1,102,1,103,1,104,1,105,1,106,1,107,1,108,4,109,2,110,3,112,12,113,2,115,6,116,9,117,1,118,1,119,1,120,3,122,1,124,3,125,1,126,1,127,1,128,1,129,1,130,1,131,1,132,1,133,1,134,1,135,3,136,4,137,4,138,4,140,2,141,4,144,3,145,1,146,1,148,4,157,1,159,1,164,2,165,1,166,5,167,3,168,3,170,6,173,3,175,1,178,3,180,1,184,2,185,2,186,1,196,2,197,1,198,1,199,5,201,1,208,1,211,1,228,1,236,2,243,1,245,1,246,1,253,2,254,1,255,2,256,1,271,1,272,1,276,1,277,1,278,1,326,1
38,2,13,3,10,4,2,5,2,6,10,7,13,8,3,10,9,11,8,12,10,13,1,14,41,16,47,17,15,18,22,19,11,20,15,21,3,22,11,23,4,24,4,25,18,26,22,27,17,28,9,29,7,30,15,31,6,32,1,33,6,34,3,35,15,36,11,37,1,38,1,39,2,40,8,41,6,43,2,44,2,45,6,46,2,47,2,48,3,49,4,50,3,51,6,52,9,53,7,54,6,57,4,58,4,65,5,66,2,68,8,71,11,72,3,73,7,74,1,75,2,76,8,77,11,78,12,79,2,80,2,81,17,82,7,83,6,84,2,85,6,86,8,87,8,88,8,89,8,90,8,91,8,92,22,94,22,95,7,96,3,98,2,99,2,100,2,101,2,102,2,103,2,104,2,105,2,106,2,107,2,108,2,109,1,110,3,112,8,113,3,115,7,116,9,117,1,119,2,120,3,122,2,123,1,124,2,125,2,126,2,127,2,128,2,129,2,130,2,131,2,132,2,133,2,134,2,135,3,136,2,137,2,138,5,139,1,140,1,141,5,142,3,144,3,145,1,146,1,148,4,149,3,150,1,151,1,152,1,153,1,154,1,155,1,157,1,160,3,161,1,162,1,164,1,165,2,166,3,167,6,168,2,169,1,170,3,171,3,174,3,175,1,180,2,184,4,185,2,186,1,187,1,196,4,197,1,199,3,200,3,203,2,207,1,210,1,211,1,226,2,236,2,242,1,247,1,276,1,277,1,278,1,285,1,286,1
39,3,13,6,2,7,23,8,1,10,11,11,11,12,13,14,16,16,57,17,4,18,50,19,10,20,7,21,3,22,13,23,9,24,9,25,34,26,14,27,11,28,8,29,8,30,5,33,17,34,1,35,4,36,27,37,5,38,1,39,7,40,10,41,3,43,5,44,5,45,8,47,1,49,6,50,9,51,15,52,1,53,1,54,2,57,6,58,5,59,5,60,2,61,2,62,2,63,2,64,2,65,10,66,2,68,10,70,1,71,13,73,10,74,4,75,2,76,2,77,12,78,9,79,1,80,4,81,6,82,2,83,13,85,8,86,1,87,1,88,1,89,1,90,1,91,1,92,12,94,6,95,6,96,27,108,2,110,1,111,2,112,16,113,2,114,4,115,2,116,3,119,4,120,4,122,2,124,6,135,9,136,2,137,4,138,1,139,2,140,2,141,8,142,1,143,1,144,1,146,2,149,7,150,16,151,16,152,16,153,16,154,16,155,16,160,2,163,1,164,1,167,3,168,5,170,1,173,1,174,4,175,1,178,4,181,1,184,1,185,1,187,1,193,1,194,2,198,1,208,1,231,1
40,2,12,3,9,4,1,5,1,6,7,7,12,8,1,10,9,11,8,12,12,14,64,15,3,16,15,17,17,18,23,19,16,20,7,21,9,22,9,23,7,24,7,25,22,26,26,27,11,28,1,29,10,30,18,31,1,33,8,34,1,35,14,36,15,37,3,38,1,39,3,40,5,41,8,43,5,44,5,45,2,47,4,48,3,49,7,50,1,51,3,52,12,53,10,54,7,57,4,58,8,59,2,65,2,66,1,68,4,70,1,71,8,72,8,73,6,74,2,75,1,76,13,77,6,78,7,79,5,80,1,81,6,82,5,83,2,84,8,85,7,86,6,87,6,88,6,89,6,90,6,91,6,92,16,94,12,95,2,96,7,98,2,99,2,100,2,101,2,102,2,103,2,104,2,105,2,106,2,107,2,108,4,109,9,110,10,112,10,113,6,114,4,115,7,116,10,119,5,120,5,121,5,123,3,124,1,125,2,126,2,127,2,128,2,129,2,130,2,131,2,132,2,133,2,134,2,135,1,136,1,137,2,138,3,140,1,141,8,142,1,143,2,144,1,145,1,148,10,149,3,150,1,151,1,152,1,153,1,154,1,155,1,156,1,159,2,160,1,165,3,166,1,167,5,168,1,170,6,171,2,173,1,178,3,180,2,183,1,185,2,186,1,191,2,192,2,194,1,196,4,197,1,198,1,199,1,200,1,201,1,206,2,207,1,228,1,243,1,245,1,246,1,253,5,254,3,255,5,256,3,262,2,320,2
41,2,18,3,1,6,2,7,8,8,6,9,1,10,1,11,4,12,6,14,12,15,1,16,20,17,2,18,29,19,6,20,7,24,31,25,16,26,20,27,2,29,2,30,1,33,9,35,1,36,11,37,1,41,2,43,2,44,2,45,1,46,1,47,6,48,4,49,1,51,2,52,9,53,7,56,2,65,2,66,2,68,2,71,3,74,1,75,1,76,4,78,1,80,6,81,5,82,2,92,7,94,5,95,1,96,1,108,3,109,1,110,3,112,4,114,3,116,2,119,2,124,2,127,1,134,1,137,7,138,5,139,2,143,1,148,1,155,1,157,3,166,1,167,2,168,2,170,3,171,1,175,6,184,5,194,2,196,3,213,6,214,1,215,2,216,3,217,7,219,1,221,10,222,15,226,21,227,1,232,2,235,1,238,5,239,2,241,4,242,1,246,1,276,2,327,18,328,21,329,6,330,1,331,1,332,1,333,10,334,35,335,10,336,19,337,10,338,1,339,15,340,1,341,2,342,1,343,2,344,1,345,4,346,1,347,2,348,1,349,1,350,3,351,2,352,2,353,11,354,8,355,1,356,7,357,6,358,2,359,4,360,1,361,1,362,13,363,1,364,6,365,1,366,6,367,1,368,2,369,1,370,1,371,1,372,1,373,1,374,1,375,1,376,5,377,3,378,1,379,1,380,5,381,2,382,6,383,3,384,3,385,1,386,2,387,1,388,4,389,2,390,1,391,1,392,1,393,1,394,1,395,1,396,1,397,2,398,1,399,1,400,1,401,1,402,1,403,1,404,1,405,1,406,1,407,1,408,1,409,1
42,2,4,3,4,4,1,5,1,6,9,7,13,8,3,10,10,11,11,12,12,14,33,16,23,17,10,18,27,19,9,20,9,21,13,22,7,23,7,24,7,25,18,26,19,27,13,28,3,29,7,30,7,31,11,32,1,33,7,34,1,35,8,36,11,37,2,39,2,40,9,41,8,43,1,44,1,45,16,46,1,47,6,48,3,49,3,50,3,51,4,52,11,53,10,54,8,57,3,58,8,59,6,65,6,66,2,68,3,69,1,70,4,71,11,73,9,74,7,75,1,76,9,77,11,78,9,79,5,80,4,81,16,82,5,83,10,84,8,85,7,86,7,87,7,88,7,89,7,90,7,91,7,92,10,93,3,94,10,95,6,96,7,98,2,99,2,100,2,101,2,102,2,103,2,104,2,105,2,106,2,107,2,109,3,110,4,111,3,112,1,113,4,114,1,115,9,116,1,118,2,119,5,120,1,121,1,122,1,124,2,125,1,126,1,127,1,128,1,129,1,130,1,131,1,132,1,133,1,134,1,135,3,137,5,138,8,139,3,141,6,142,2,143,4,144,2,145,2,146,1,147,1,148,2,150,10,151,10,152,10,153,10,154,10,155,10,156,1,157,1,159,3,160,3,163,2,165,1,166,3,168,1,171,3,172,2,174,1,178,5,180,1,184,3,185,1,186,1,187,1,196,2,199,1,200,2,201,1,203,2,207,1,210,1,211,1,212,1,226,1,228,2,236,1,242,2,253,6,254,2,255,6,256,2,262,1,280,2
43,2,7,3,13,6,4,7,19,8,4,9,1,10,11,11,17,12,17,14,11,16,76,17,5,18,46,19,9,20,7,21,3,22,13,23,5,24,5,25,16,26,20,27,17,28,1,29,17,30,1,33,11,34,1,35,5,36,19,37,4,38,1,39,4,40,11,41,2,42,3,43,6,44,6,45,2,46,3,47,3,48,7,49,4,50,8,51,14,52,3,53,2,54,5,56,1,57,8,58,1,65,5,66,5,68,7,70,2,71,9,72,2,73,4,74,4,76,8,77,16,78,6,79,2,80,1,81,17,82,2,83,10,85,13,86,2,87,2,88,2,89,2,90,2,91,2,92,13,94,14,95,4,96,14,98,1,99,1,100,1,101,1,102,1,103,1,104,1,105,1,106,1,107,1,108,2,109,1,110,2,111,2,112,17,113,3,114,4,115,1,116,7,118,1,119,1,122,4,124,1,125,1,126,1,127,1,128,1,129,1,130,1,131,1,132,1,133,1,134,1,135,3,136,1,137,3,138,2,139,3,140,1,141,7,142,2,143,1,144,3,146,2,147,1,148,1,149,10,150,6,151,6,152,6,153,6,154,6,155,6,156,1,160,6,164,1,165,3,166,2,167,3,168,5,170,4,171,1,172,1,173,1,174,1,175,2,178,2,180,1,183,1,185,5,196,2,197,1,198,1,199,3,203,1,208,1,236,1,247,1,258,1,259,1
44,2,8,3,6,6,13,7,15,9,1,10,11,11,13,12,25,14,38,15,1,16,39,17,9,18,38,19,13,20,8,21,9,22,11,23,7,24,7,25,24,26,21,27,15,28,5,29,4,30,8,32,2,33,11,35,3,36,18,37,6,38,1,39,2,40,12,41,10,43,6,44,6,45,1,46,1,47,3,48,3,49,8,50,7,51,4,52,1,53,1,54,4,56,1,57,5,58,3,59,1,65,1,66,2,68,2,69,1,70,1,71,5,73,12,74,5,76,6,77,8,78,7,79,5,80,4,81,12,82,4,83,3,84,1,85,11,86,8,87,8,88,8,89,8,90,8,91,8,92,17,94,7,95,5,96,13,97,3,108,2,110,7,112,6,113,4,115,9,116,9,117,2,119,5,120,4,121,1,122,3,123,2,124,5,135,6,136,4,137,4,138,5,139,1,140,1,141,5,142,2,143,1,144,3,145,2,146,1,148,3,149,5,150,5,151,5,152,5,153,5,154,5,155,5,156,3,159,3,160,3,163,1,164,2,166,2,167,5,168,1,170,4,171,1,173,2,174,1,178,5,183,1,184,2,185,2,190,1,193,1,194,1,196,3,197,1,198,1,199,3,205,1,210,1,211,1,212,1,243,1,244,1,245,1,246,1,253,7,254,3,255,7,256,3,261,2,262,1,300,1,410,1
45,2,16,3,15,6,7,7,21,8,5,9,1,10,13,11,14,12,20,14,42,16,28,17,18,18,21,19,9,20,11,21,1,22,9,23,6,24,6,25,18,26,14,27,9,28,1,29,9,30,17,31,1,32,4,33,9,34,1,35,11,36,16,37,4,38,3,39,2,40,6,41,13,42,2,43,3,44,3,45,8,47,2,48,5,49,6,50,5,51,9,52,2,53,2,54,4,56,1,57,8,58,5,59,1,65,4,66,10,68,3,71,13,72,4,73,4,74,3,75,4,76,15,77,14,78,7,79,4,80,2,81,14,82,4,83,4,84,3,85,5,86,5,87,5,88,5,89,5,90,5,91,5,92,11,94,24,95,7,96,2,97,1,108,2,109,2,110,6,112,19,113,2,114,1,115,3,116,10,119,4,121,4,124,3,135,7,136,2,137,4,138,3,139,1,140,5,141,1,143,2,146,1,147,1,148,4,149,1,150,1,151,1,152,1,153,1,154,1,155,1,160,1,161,1,162,1,164,3,165,1,166,5,167,2,168,8,170,5,174,1,175,1,180,1,184,2,185,2,187,1,191,1,192,1,196,1,199,6,200,1,201,2,203,1,206,2,208,1,226,3,228,2,261,1,273,1,274,1,275,1,276,1,277,1,278,1,411,1
46,2,11,3,6,6,15,7,17,10,9,11,11,12,15,13,1,14,40,16,54,17,19,18,23,19,6,20,13,21,8,22,7,23,4,24,4,25,20,26,16,27,7,28,5,29,6,30,14,32,5,33,5,34,1,35,14,36,12,37,4,38,1,39,1,40,4,41,10,43,1,44,1,45,12,47,2,48,2,49,8,50,4,51,8,52,6,53,5,54,1,57,5,58,3,59,4,65,2,66,1,67,1,68,3,70,8,71,15,72,1,73,7,74,9,75,1,76,22,77,6,78,9,79,3,80,2,81,8,82,8,83,7,84,7,85,11,86,10,87,10,88,10,89,10,90,10,91,10,92,15,94,18,95,7,96,7,97,1,98,2,99,2,100,2,101,2,102,2,103,2,104,2,105,2,106,2,107,2,108,2,109,4,110,6,111,1,112,7,113,4,114,2,115,6,116,7,118,1,119,4,120,6,121,2,122,1,123,1,124,2,125,1,126,1,127,1,128,1,129,1,130,1,131,1,132,1,133,1,134,1,135,1,137,2,138,7,140,1,141,6,144,1,145,3,146,3,148,4,149,1,150,2,151,2,152,2,153,2,154,2,155,2,156,1,159,4,163,1,164,5,165,4,166,5,167,2,168,1,170,2,171,1,174,1,175,2,176,2,178,5,181,2,184,1,186,2,190,1,193,1,194,2,196,3,198,1,199,3,200,2,207,1,226,2,228,1,231,1,247,2,253,2,254,1,255,2,258,1,259,1,262,2,266,1,268,1,280,1,293,1,294,1,295,1,411,1,412,1
